x,value
-6.283185307179586,2.4492935982947064E-16
-6.2731853071795864,0.010000333346667238
-6.263185307179587,0.020002667093402243
-6.253185307179587,0.03000900324118032
-6.243185307179587,0.040021346995513955
-6.233185307179587,0.050041708375537966
-6.2231853071795875,0.06007210383129625
-6.213185307179588,0.07011455787200147
-6.203185307179588,0.08017110470807108
-6.193185307179588,0.09024378990978377
-6.183185307179588,0.10033467208544863
-6.173185307179589,0.11044582458203837
-6.163185307179589,0.12057933721130297
-6.153185307179589,0.13073731800445748
-6.143185307179589,0.1409218949986226
-6.133185307179589,0.15113521805829205
-6.12318530717959,0.1613794607352077
-6.11318530717959,0.17165682217013922
-6.10318530717959,0.18196952904019478
-6.09318530717959,0.19231983755542897
-6.0831853071795905,0.2027100355086683
-6.073185307179591,0.21314244438264096
-6.063185307179591,0.22361942151867942
-6.053185307179591,0.23414336235146035
-6.043185307179591,0.2447167027144598
-6.033185307179592,0.25534192122103083
-6.023185307179592,0.2660215417262597
-6.013185307179592,0.2767581358750246
-6.003185307179592,0.2875543257419706
-5.993185307179592,0.29841278656942516
-5.983185307179593,0.3093362496096165
-5.973185307179593,0.32032750507791713
-5.963185307179593,0.33138940522422733
-5.953185307179593,0.34252486753003136
-5.9431853071795935,0.3537368780391147
-5.933185307179594,0.3650284948304164
-5.923185307179594,0.3764028516420185
-5.913185307179594,0.3878631616558403
-5.903185307179594,0.39941272145321727
-5.8931853071795945,0.41105491515220416
-5.883185307179595,0.422793218738152
-5.873185307179595,0.43463120459987936
-5.863185307179595,0.44657254628458465
-5.853185307179595,0.4586210234855444
-5.843185307179596,0.47078052727761055
-5.833185307179596,0.48305506561656686
-5.823185307179596,0.4954487691195377
-5.813185307179596,0.5079658971448712
-5.8031853071795965,0.5206108441912454
-5.793185307179597,0.5333881466371899
-5.783185307179597,0.5463024898437769
-5.773185307179597,0.5593587156449312
-5.763185307179597,0.572561830251654
-5.7531853071795975,0.585917012598456
-5.743185307179598,0.5994296231624745
-5.733185307179598,0.6131052132881198
-5.723185307179598,0.6269495350526819
-5.713185307179598,0.6409685517111391
-5.703185307179599,0.6551684487614909
-5.693185307179599,0.669555645675284
-5.683185307179599,0.6841368083416739
-5.673185307179599,0.6989188622773721
-5.6631853071795994,0.7139090066592206
-5.6531853071796,0.7291147292409489
-5.6431853071796,0.7445438222209431
-5.6331853071796,0.7602043991336548
-5.6231853071796,0.7761049128436414
-5.6131853071796005,0.7922541747282339
-5.603185307179601,0.8086613751425417
-5.593185307179601,0.8253361052690006
-5.583185307179601,0.8422883804630543
-5.573185307179601,0.859528665216915
-5.563185307179602,0.8770678998748074
-5.553185307179602,0.8949175292457869
-5.543185307179602,0.9130895332742723
-5.533185307179602,0.931596459944043
-5.523185307179602,0.9504514606087726
-5.513185307179603,0.9696683279614581
-5.503185307179603,0.9892615368765725
-5.493185307179603,1.0092462883827213
-5.483185307179603,1.0296385570503295
-5.4731853071796035,1.0504551421087935
-5.463185307179604,1.0717137226410367
-5.453185307179604,1.0934329172409616
-5.443185307179604,1.1156323485614983
-5.433185307179604,1.1383327132283982
-5.423185307179605,1.161555857648405
-5.413185307179605,1.1853248603007613
-5.403185307179605,1.2096641211692227
-5.393185307179605,1.2345994590489573
-5.383185307179605,1.2601582175502901
-5.373185307179606,1.2863693807207568
-5.363185307179606,1.3132636993201952
-5.353185307179606,1.3408738289127795
-5.343185307179606,1.369234481087506
-5.3331853071796065,1.39838258928764
-5.323185307179607,1.428357490923549
-5.313185307179607,1.4592011276662897
-5.303185307179607,1.490958266076245
-5.293185307179607,1.523676741017833
-5.2831853071796075,1.5574077246548301
-5.273185307179608,1.592206024219495
-5.263185307179608,1.6281304122124742
-5.253185307179608,1.6652439932314305
-5.243185307179608,1.7036146122590476
-5.233185307179609,1.743315309983081
-5.223185307179609,1.784424831593919
-5.213185307179609,1.8270281965347388
-5.203185307179609,1.8712173378977757
-5.1931853071796095,1.9170918216067518
-5.18318530717961,1.964759657248539
-5.17318530717961,2.014338214476709
-5.16318530717961,2.065955261380386
-5.15318530717961,2.11975014418705
-5.1431853071796105,2.175875131264738
-5.133185307179611,2.2344969487551807
-5.123185307179611,2.2957985404920542
-5.113185307179611,2.359981091376386
-5.103185307179611,2.427266361400052
-5.093185307179612,2.4978993874224713
-5.083185307179612,2.572151622126126
-5.073185307179612,2.6503245949703964
-5.063185307179612,2.732754199306497
-5.0531853071796125,2.8198157342679195
-5.043185307179613,2.9119298611549778
-5.033185307179613,3.0095696738625657
-5.023185307179613,3.1132691342648466
-5.013185307179613,3.2236331902037656
-5.0031853071796135,3.341349981115045
-4.993185307179614,3.467205651721031
-4.983185307179614,3.6021024479675945
-4.973185307179614,3.7470809761880126
-4.963185307179614,3.9033477874961706
-4.953185307179615,4.0723098354645755
-4.943185307179615,4.2556178917389245
-4.933185307179615,4.455221759562108
-4.923185307179615,4.673441202987903
-4.913185307179615,4.913058070461744
-4.903185307179616,5.177437388629599
-4.893185307179616,5.470688642952297
-4.883185307179616,5.797883715481865
-4.873185307179616,6.165356144550863
-4.8631853071796165,6.581119456192924
-4.853185307179617,7.055463766432675
-4.843185307179617,7.6018260620239335
-4.833185307179617,8.238092752963496
-4.823185307179617,8.988607601721643
-4.813185307179618,9.887374891982482
-4.803185307179618,10.98337931432226
-4.793185307179618,12.349856441620965
-4.783185307179618,14.101419947165379
-4.773185307179618,16.42809170387668
-4.763185307179619,19.669527820546392
-4.753185307179619,24.498410441818574
-4.743185307179619,32.4611389128224
-4.733185307179619,48.078482479143126
-4.7231853071796195,92.6204963164209
-4.71318530717962,1255.7655914483028
-4.70318530717962,-108.64920360523865
-4.69318530717962,-52.06696965100382
-4.68318530717962,-34.23253273559713
-4.6731853071796206,-25.494744661833913
-4.663185307179621,-20.30728204111885
-4.653185307179621,-16.87110468855329
-4.643185307179621,-14.427024766824939
-4.633185307179621,-12.599264789471341
-4.623185307179622,-11.180550354581088
-4.613185307179622,-10.047182299213903
-4.603185307179622,-9.120770935632546
-4.593185307179622,-8.349230984481334
-4.5831853071796225,-7.696602139461326
-4.573185307179623,-7.137257203855084
-4.563185307179623,-6.652439337317054
-4.553185307179623,-6.228104330285473
-4.543185307179623,-5.853528012692042
-4.5331853071796235,-5.520379922510497
-4.523185307179624,-5.222090731210165
-4.513185307179624,-4.953410200189831
-4.503185307179624,-4.710091916115132
-4.493185307179624,-4.48866431987412
-4.483185307179625,-4.286261674628802
-4.473185307179625,-4.100497432526596
-4.463185307179625,-3.9293680905112374
-4.453185307179625,-3.771179301410848
-4.4431853071796255,-3.624488453348609
-4.433185307179626,-3.48805958865283
-4.423185307179626,-3.3608276755651407
-4.413185307179626,-3.2418700446189344
-4.403185307179626,-3.1303833676926365
-4.3931853071796265,-3.025664964252845
-4.383185307179627,-2.9270975146781577
-4.373185307179627,-2.8341364775590465
-4.363185307179627,-2.7462996689452477
-4.353185307179627,-2.6631585822299484
-4.343185307179628,-2.584331118650727
-4.333185307179628,-2.5094754680110247
-4.323185307179628,-2.4382849327497986
-4.313185307179628,-2.370483529944032
-4.303185307179628,-2.3058222381677185
-4.293185307179629,-2.2440757815269916
-4.283185307179629,-2.1850398632617636
-4.273185307179629,-2.1285287772621637
-4.263185307179629,-2.0743733386087015
-4.2531853071796295,-2.0224190845047856
-4.24318530717963,-1.972524705261935
-4.23318530717963,-1.9245606717324815
-4.22318530717963,-1.8784080310800402
-4.21318530717963,-1.8339573472827613
-4.203185307179631,-1.7911077664728978
-4.193185307179631,-1.7497661902819155
-4.183185307179631,-1.7098465429046823
-4.173185307179631,-1.6712691197159082
-4.163185307179631,-1.6339600070442897
-4.153185307179632,-1.597850564196863
-4.143185307179632,-1.562876960077979
-4.133185307179632,-1.5289797578047184
-4.123185307179632,-1.4961035416164257
-4.1131853071796325,-1.4641965811373638
-4.103185307179633,-1.4332105287003332
-4.093185307179633,-1.4031001459936285
-4.083185307179633,-1.3738230567689298
-4.073185307179633,-1.3453395227560196
-4.0631853071796336,-1.3176122402819257
-4.053185307179634,-1.2906061553957686
-4.043185307179634,-1.2642882955634365
-4.033185307179634,-1.2386276162242174
-4.023185307179634,-1.2135948606997657
-4.013185307179635,-1.1891624321184884
-4.003185307179635,-1.1653042761692471
-3.993185307179635,-1.1419957736301984
-3.9831853071796353,-1.119213641734242
-3.9731853071796355,-1.096935843534112
-3.9631853071796357,-1.0751415045195158
-3.953185307179636,-1.053810835817488
-3.943185307179636,-1.0329250633766942
-3.9331853071796363,-1.0124663625979233
-3.9231853071796365,-0.9924177979275283
-3.9131853071796368,-0.9727632669789291
-3.903185307179637,-0.9534874487902866
-3.893185307179637,-0.9345757558647132
-3.8831853071796374,-0.9160142896735042
-3.8731853071796376,-0.897789799333319
-3.863185307179638,-0.879889643195471
-3.853185307179638,-0.8623017531098535
-3.8431853071796382,-0.8450146011478811
-3.8331853071796385,-0.8280171685884353
-3.8231853071796387,-0.8112989169884309
-3.813185307179639,-0.7948497611754803
-3.803185307179639,-0.7786600440144267
-3.7931853071796393,-0.7627205128124059
-3.7831853071796395,-0.7470222972387429
-3.7731853071796397,-0.7315568886465112
-3.76318530717964,-0.7163161206921176
-3.75318530717964,-0.7012921511579022
-3.7431853071796404,-0.6864774448905812
-3.7331853071796406,-0.6718647577754663
-3.723185307179641,-0.6574471216728635
-3.713185307179641,-0.6432178302489293
-3.7031853071796412,-0.6291704256386268
-3.6931853071796414,-0.6152986858832985
-3.6831853071796417,-0.6015966130898339
-3.673185307179642,-0.5880584222624775
-3.663185307179642,-0.5746785307620407
-3.6531853071796423,-0.5614515483506854
-3.6431853071796425,-0.5483722677835636
-3.6331853071796427,-0.5354356559114499
-3.623185307179643,-0.5226368452611255
-3.613185307179643,-0.5099711260626746
-3.6031853071796434,-0.49743393869506214
-3.5931853071796436,-0.48502086652339127
-3.583185307179644,-0.4727276291031076
-3.573185307179644,-0.4605500757281337
-3.563185307179644,-0.4484841793015033
-3.5531853071796444,-0.43652603050852284
-3.5431853071796446,-0.42467183227383487
-3.533185307179645,-0.4129178944850008
-3.523185307179645,-0.40126062896636805
-3.5131853071796453,-0.38969654468804704
-3.5031853071796455,-0.3782222431958054
-3.4931853071796457,-0.3668344142485915
-3.483185307179646,-0.35552983165124286
-3.473185307179646,-0.34430534927070766
-3.4631853071796463,-0.3331578972248329
-3.4531853071796466,-0.3220844782334359
-3.4431853071796468,-0.3110821641219978
-3.433185307179647,-0.30014809246889
-3.423185307179647,-0.2892794633875769
-3.4131853071796474,-0.27847353643573297
-3.4031853071796476,-0.26772762764367064
-3.393185307179648,-0.25703910665489904
-3.383185307179648,-0.24640539397203157
-3.3731853071796483,-0.23582395830162445
-3.3631853071796485,-0.225292313991869
-3.3531853071796487,-0.21480801855737688
-3.343185307179649,-0.20436867028558897
-3.333185307179649,-0.19397190591961105
-3.3231853071796493,-0.18361539841253022
-3.3131853071796495,-0.1732968547484991
-3.3031853071796498,-0.16301401382609024
-3.29318530717965,-0.15276464439962228
-3.28318530717965,-0.1425465430743428
-3.2731853071796504,-0.13235753235152242
-3.2631853071796506,-0.12219545871966966
-3.253185307179651,-0.11205819078821945
-3.243185307179651,-0.10194361746017776
-3.2331853071796512,-0.09184964614032437
-3.2231853071796515,-0.08177420097568318
-3.2131853071796517,-0.07171522112506672
-3.203185307179652,-0.06167065905458882
-3.193185307179652,-0.05163847885611669
-3.1831853071796523,-0.04161665458570194
-3.1731853071796525,-0.03160316861908902
-3.1631853071796527,-0.021596010021450066
-3.153185307179653,-0.011593172928536857
-3.143185307179653,-0.0015926549364740357
-3.1331853071796534,0.008407544502556784
-3.1231853071796536,0.018409425681475366
-3.113185307179654,0.028414990239027667
-3.103185307179654,0.038426242762799934
-3.0931853071796542,0.04844519239725146
-3.0831853071796544,0.05847385445951027
-3.0731853071796547,0.0685142520656984
-3.063185307179655,0.07856841777058467
-3.053185307179655,0.0886383952234016
-3.0431853071796553,0.09872624084271117
-3.0331853071796555,0.10883402551325987
-3.0231853071796557,0.11896383630782938
-3.013185307179656,0.12911777823716294
-3.003185307179656,0.13929797603113223
-2.9931853071796564,0.14950657595440264
-2.9831853071796566,0.1597457476599605
-2.973185307179657,0.17001768608397944
-2.963185307179657,0.1803246133856312
-2.953185307179657,0.1906687809355839
-2.9431853071796574,0.20105247135708265
-2.9331853071796576,0.2114780006236719
-2.923185307179658,0.22194772021779785
-2.913185307179658,0.23246401935472363
-2.9031853071796583,0.24302932727639948
-2.8931853071796585,0.2536461156201577
-2.8831853071796587,0.264316900867348
-2.873185307179659,0.27504424687729195
-2.863185307179659,0.2858307675122242
-2.8531853071796593,0.2966791293591922
-2.8431853071796596,0.3075920545552228
-2.8331853071796598,0.318572323722417
-2.82318530717966,0.32962277902002485
-2.81318530717966,0.34074632732096394
-2.8031853071796604,0.3519459435206944
-2.7931853071796606,0.36322467398684577
-2.783185307179661,0.37458564015850987
-2.773185307179661,0.3860320423046754
-2.7631853071796613,0.39756716345188287
-2.7531853071796615,0.40919437349183063
-2.7431853071796617,0.4209171334803665
-2.733185307179662,0.4327390001400565
-2.723185307179662,0.44466363057934305
-2.7131853071796623,0.45669478724218954
-2.7031853071796625,0.4688363431030647
-2.6931853071796628,0.4810922871231545
-2.683185307179663,0.49346672998480856
-2.673185307179663,0.5059639101224412
-2.6631853071796634,0.5185882000694161
-2.6531853071796636,0.5313441131418701
-2.643185307179664,0.5442363104819726
-2.633185307179664,0.5572696084847903
-2.6231853071796642,0.5704489866347489
-2.6131853071796645,0.5837795957796545
-2.6031853071796647,0.5972667668723951
-2.593185307179665,0.6109160202127697
-2.583185307179665,0.6247330752244543
-2.5731853071796653,0.6387238608048812
-2.5631853071796655,0.6528945262888419
-2.5531853071796657,0.6672514530699344
-2.543185307179666,0.6818012669275862
-2.533185307179666,0.6965508511113417
-2.5231853071796664,0.7115073602384301
-2.5131853071796666,0.7266782350653694
-2.503185307179667,0.7420712181995683
-2.493185307179667,0.7576943708225866
-2.4831853071796672,0.773556090502997
-2.4731853071796674,0.7896651301836801
-2.4631853071796677,0.8060306184359844
-2.453185307179668,0.8226620810815481
-2.443185307179668,0.8395694642918137
-2.4331853071796683,0.8567631592854632
-2.4231853071796685,0.8742540287552761
-2.4131853071796687,0.8920534351683878
-2.403185307179669,0.910173271097757
-2.393185307179669,0.9286259917579938
-2.3831853071796694,0.9474246499357355
-2.3731853071796696,0.9665829335237212
-2.36318530717967,0.9861152058888103
-2.35318530717967,1.0060365493277381
-2.34318530717967,1.0263628118906682
-2.3331853071796704,1.0471106578819893
-2.3231853071796706,1.068297622380695
-2.313185307179671,1.0899421701595697
-2.303185307179671,1.112063759423816
-2.2931853071796713,1.134682910836342
-2.2831853071796715,1.1578212823493785
-2.2731853071796717,1.1815017504212844
-2.263185307179672,1.2057484982642708
-2.253185307179672,1.2305871118444744
-2.2431853071796723,1.2560446844416306
-2.2331853071796726,1.2821499306730972
-2.2231853071796728,1.3089333109979095
-2.213185307179673,1.336427167843037
-2.203185307179673,1.3646658746384899
-2.1931853071796734,1.3936859992133024
-2.1831853071796736,1.4235264831941021
-2.173185307179674,1.454228839265991
-2.163185307179674,1.4858373684066122
-2.1531853071796743,1.5183993994942309
-2.1431853071796745,1.551965554026198
-2.1331853071796747,1.5865900390734238
-2.123185307179675,1.6223309720491326
-2.113185307179675,1.6592507413979687
-2.1031853071796753,1.697416407928498
-2.0931853071796755,1.7369001522354612
-2.0831853071796758,1.7777797745084696
-2.073185307179676,1.8201392540265051
-2.063185307179676,1.8640693768235457
-2.0531853071796764,1.9096684414178309
-2.0431853071796766,1.9570430541726103
-2.033185307179677,2.0063090278576055
-2.023185307179677,2.057592399379991
-2.0131853071796773,2.111030585541424
-2.0031853071796775,2.1667736991664697
-1.9931853071796775,2.22498605217993
-1.9831853071796774,2.285847877366415
-1.9731853071796774,2.3495573068544626
-1.9631853071796774,2.4163326531235523
-1.9531853071796774,2.486415047913873
-1.9431853071796774,2.5600715063159156
-1.9331853071796774,2.637598498168843
-1.9231853071796774,2.7193261275416694
-1.9131853071796774,2.8056230446173593
-1.9031853071796774,2.8969022442215477
-1.8931853071796774,2.9936279435122692
-1.8831853071796774,3.0963237806487798
-1.8731853071796774,3.205582640232927
-1.8631853071796773,3.322078494984095
-1.8531853071796773,3.446580763441941
-1.8431853071796773,3.5799718302795336
-1.8331853071796773,3.7232685729466057
-1.8231853071796773,3.8776490057973714
-1.8131853071796773,4.044485519591637
-1.8031853071796773,4.2253867030217505
-1.7931853071796773,4.422250447576536
-1.7831853071796773,4.637332054549141
-1.7731853071796773,4.873332532959922
-1.7631853071796773,5.133514434782239
-1.7531853071796772,5.421855796153653
-1.7431853071796772,5.743257657829535
-1.7331853071796772,6.103828260947391
-1.7231853071796772,6.51127913896733
-1.7131853071796772,6.9754881151884405
-1.7031853071796772,7.5093174563155
-1.6931853071796772,8.129833117792487
-1.6831853071796772,8.860174895640863
-1.6731853071796772,9.73252248830962
-1.6631853071796772,10.79298780242014
-1.6531853071796772,12.110070093513283
-1.6431853071796771,13.790119196157034
-1.6331853071796771,16.007669870702895
-1.6231853071796771,19.070517440872177
-1.6131853071796771,23.57690553732337
-1.603185307179677,30.863901291409555
-1.593185307179677,44.65736663387491
-1.583185307179677,80.7127629668832
-1.573185307179677,418.58782263801555
-1.563185307179677,-131.38590376501844
-1.553185307179677,-56.7767589292556
-1.543185307179677,-36.208219696852915
-1.533185307179677,-26.575414231064272
-1.523185307179677,-20.987668207924454
-1.513185307179677,-17.338582420540142
-1.503185307179677,-14.767944502630131
-1.493185307179677,-12.858887497662021
-1.483185307179677,-11.384870654254723
-1.473185307179677,-10.212187254636785
-1.463185307179677,-9.256830540554814
-1.453185307179677,-8.463364757855356
-1.443185307179677,-7.793730588609041
-1.433185307179677,-7.22093154460582
-1.423185307179677,-6.725286675951127
-1.413185307179677,-6.292109813689827
-1.403185307179677,-5.91021957786121
-1.393185307179677,-5.570952729970761
-1.383185307179677,-5.267493065829346
-1.373185307179677,-4.994404074498571
-1.363185307179677,-4.74729665972785
-1.3531853071796769,-4.522588477671445
-1.3431853071796769,-4.3173267150105765
-1.3331853071796769,-4.129055617992278
-1.3231853071796769,-3.9557161212348584
-1.3131853071796769,-3.7955688539103254
-1.3031853071796768,-3.6471344083971213
-1.2931853071796768,-3.5091465186474706
-1.2831853071796768,-3.3805150062477085
-1.2731853071796768,-3.2602961967481483
-1.2631853071796768,-3.1476691063269775
-1.2531853071796768,-3.041916127033166
-1.2431853071796768,-2.9424072494057967
-1.2331853071796768,-2.848587089032926
-1.2231853071796768,-2.7599641524079157
-1.2131853071796768,-2.676101903755435
-1.2031853071796768,-2.5966112898887985
-1.1931853071796767,-2.521144452814603
-1.1831853071796767,-2.449389415585228
-1.1731853071796767,-2.3810655700573973
-1.1631853071796767,-2.3159198288434886
-1.1531853071796767,-2.2537233301234423
-1.1431853071796767,-2.1942686048137903
-1.1331853071796767,-2.137367132135335
-1.1231853071796767,-2.0828472228393475
-1.1131853071796767,-2.030552179970805
-1.1031853071796767,-1.980338695622075
-1.0931853071796767,-1.9320754490895313
-1.0831853071796766,-1.8856418775201755
-1.0731853071796766,-1.8409270947836254
-1.0631853071796766,-1.7978289381289494
-1.0531853071796766,-1.7562531253450369
-1.0431853071796766,-1.716112507763497
-1.0331853071796766,-1.6773264066247329
-1.0231853071796766,-1.6398200221509251
-1.0131853071796766,-1.6035239061985078
-1.0031853071796766,-1.5683734906491391
-0.9931853071796766,-1.534308664784166
-0.9831853071796766,-1.5012733958072224
-0.9731853071796766,-1.4692153874607656
-0.9631853071796765,-1.438085772347793
-0.9531853071796765,-1.4078388341384653
-0.9431853071796765,-1.3784317563283164
-0.9331853071796765,-1.349824394632949
-0.9231853071796765,-1.3219790704642207
-0.9131853071796765,-1.2948603832437386
-0.9031853071796765,-1.2684350395783948
-0.8931853071796765,-1.2426716975558796
-0.8831853071796765,-1.2175408246207795
-0.8731853071796765,-1.193014567668395
-0.8631853071796765,-1.1690666341474922
-0.8531853071796764,-1.145672183097951
-0.8431853071796764,-1.1228077251673552
-0.8331853071796764,-1.1004510307542472
-0.8231853071796764,-1.078581045516968
-0.8131853071796764,-1.057177812567351
-0.8031853071796764,-1.0362224007394958
-0.7931853071796764,-1.0156968383865583
-0.7831853071796764,-0.995584052214064
-0.7731853071796764,-0.9758678107075376
-0.7631853071796764,-0.9565326717560412
-0.7531853071796764,-0.9375639341121866
-0.7431853071796763,-0.9189475923639282
-0.7331853071796763,-0.9006702951244421
-0.7231853071796763,-0.8827193061741158
-0.7131853071796763,-0.8650824683134705
-0.7031853071796763,-0.847748169708072
-0.6931853071796763,-0.8307053125264346
-0.6831853071796763,-0.8139432836898515
-0.6731853071796763,-0.7974519275692111
-0.6631853071796763,-0.7812215204783941
-0.6531853071796763,-0.7652427468269428
-0.6431853071796763,-0.7495066768065328
-0.6331853071796762,-0.7340047454964714
-0.6231853071796762,-0.7187287332831248
-0.6131853071796762,-0.7036707474969502
-0.6031853071796762,-0.6888232051787597
-0.5931853071796762,-0.6741788168940632
-0.5831853071796762,-0.6597305715209053
-0.5731853071796762,-0.6454717219425731
-0.5631853071796762,-0.6313957715819968
-0.5531853071796762,-0.6174964617196131
-0.5431853071796762,-0.603767759540987
-0.5331853071796762,-0.590203846864611
-0.5231853071796762,-0.5767991095040795
-0.5131853071796761,-0.5635481272222804
-0.5031853071796761,-0.5504456642384108
-0.4931853071796761,-0.5374866602515171
-0.4831853071796761,-0.5246662219469144
-0.4731853071796761,-0.5119796149542764
-0.4631853071796761,-0.4994222562284273
-0.4531853071796761,-0.48698970682592085
-0.4431853071796761,-0.4746776650523856
-0.43318530717967607,-0.46248195995735814
-0.42318530717967606,-0.45039854515492755
-0.41318530717967605,-0.4384234929499954
-0.40318530717967604,-0.42655298875131803
-0.39318530717967604,-0.4147833257537578
-0.383185307179676,-0.40311089987333076
-0.373185307179676,-0.39153220491971347
-0.363185307179676,-0.38004382799186504
-0.353185307179676,-0.3686424450833369
-0.343185307179676,-0.35732481688469525
-0.333185307179676,-0.3460877847712667
-0.323185307179676,-0.3349282669651475
-0.31318530717967596,-0.32384325486109083
-0.30318530717967596,-0.31282980950651657
-0.29318530717967595,-0.3018850582264632
-0.28318530717967594,-0.2910061913848462
-0.27318530717967593,-0.2801904592738823
-0.2631853071796759,-0.26943516912400667
-0.2531853071796759,-0.2587376822270369
-0.2431853071796759,-0.24809541116574133
-0.2331853071796759,-0.23750581714333632
-0.22318530717967588,-0.22696640740678395
-0.21318530717967588,-0.2164747327580797
-0.20318530717967587,-0.2060283851480163
-0.19318530717967586,-0.1956249953471847
-0.18318530717967585,-0.18526223068922734
-0.17318530717967584,-0.1749377928815951
-0.16318530717967583,-0.16464941587927706
-0.15318530717967582,-0.1543948638171736
-0.1431853071796758,-0.14417192899697032
-0.1331853071796758,-0.1339784299245406
-0.12318530717967581,-0.12381220939406268
-0.11318530717967581,-0.11367113261518234
-0.10318530717967582,-0.10355308537968365
-0.09318530717967582,-0.09345597226425142
-0.08318530717967583,-0.08337771486601878
-0.07318530717967583,-0.07331625006769103
-0.06318530717967584,-0.06326952832912736
-0.05318530717967584,-0.05323551200233919
-0.043185307179675836,-0.04321217366693498
-0.033185307179675834,-0.0331974944831009
-0.023185307179675832,-0.02318946255925897
-0.013185307179675832,-0.013186071331587243
-0.0031853071796758316,-0.003185317952621495
0.006814692820324169,0.00681479831381553
0.01681469282032417,0.016816277694092857
0.02681469282032417,0.026821121505382902
0.03681469282032417,0.0368313337581285
0.046814692820324175,0.04684892276309311
0.05681469282032418,0.056875902745735604
0.06681469282032418,0.06691429547067211
0.07681469282032417,0.07696613187901735
0.08681469282032417,0.08703345374143545
0.09681469282032416,0.0971183153297765
0.10681469282032416,0.10722278511023002
0.11681469282032415,0.11734894746099053
0.12681469282032415,0.1274989044175029
0.13681469282032416,0.13767477744843792
0.14681469282032417,0.14787870926564115
0.15681469282032418,0.1581128656714001
0.16681469282032418,0.16837943744648876
0.1768146928203242,0.17868064228257366
0.1868146928203242,0.18901872676270098
0.1968146928203242,0.19939596839373544
0.20681469282032422,0.2098146776947825
0.21681469282032423,0.2202772003458032
0.22681469282032424,0.2307859194008221
0.23681469282032425,0.24134325757033612
0.24681469282032426,0.2519516795777566
0.25681469282032426,0.26261369459495976
0.2668146928203243,0.2733318587622812
0.2768146928203243,0.28410877779857435
0.2868146928203243,0.2949471097072547
0.2968146928203243,0.3058495675845829
0.3068146928203243,0.31681892253679056
0.3168146928203243,0.3278580067130351
0.3268146928203243,0.33896971646158114
0.33681469282032434,0.3501570156170465
0.34681469282032434,0.36142293892702937
0.35681469282032435,0.37277059562694514
0.36681469282032436,0.38420317317245656
0.37681469282032437,0.3957239411394766
0.3868146928203244,0.4073362553023684
0.3968146928203244,0.41904356190165926
0.4068146928203244,0.4308494021133376
0.4168146928203244,0.44275741673260943
0.4268146928203244,0.4547713510858654
0.4368146928203244,0.46689506018555527
0.44681469282032443,0.4791325141436864
0.45681469282032444,0.49148780386077034
0.46681469282032445,0.5039651470082358
0.47681469282032446,0.5165688943236241
0.48681469282032447,0.529303536239285
0.4968146928203245,0.5421737098668175
0.5068146928203244,0.5551842063611481
0.5168146928203244,0.5683399786899388
0.5268146928203244,0.5816461498359624
0.5368146928203245,0.5951080214622081
0.5468146928203245,0.6087310830717831
0.5568146928203245,0.6225210216971954
0.5668146928203245,0.6364837321563362
0.5768146928203245,0.650625327915475
0.5868146928203245,0.6649521526028348
0.5968146928203245,0.6794707922198888
0.6068146928203245,0.6941880881014075
0.6168146928203245,0.7091111506795594
0.6268146928203245,0.7242473741120365
0.6368146928203245,0.739604451839302
0.6468146928203246,0.7551903931416809
0.6568146928203246,0.7710135407731923
0.6668146928203246,0.7870825897558149
0.6768146928203246,0.8034066074253577
0.6868146928203246,0.819995054828343
0.6968146928203246,0.836857809578403
0.7068146928203246,0.8540051902907235
0.7168146928203246,0.8714479827241624
0.7268146928203246,0.8891974677729501
0.7368146928203246,0.9072654514634803
0.7468146928203246,0.925664297126788
0.7568146928203247,0.9444069599340702
0.7668146928203247,0.9635070240012383
0.7768146928203247,0.9829787422892375
0.7868146928203247,1.0028370795499966
0.7968146928203247,1.0230977585936896
0.8068146928203247,1.0437773101818513
0.8168146928203247,1.0648931268831934
0.8268146928203247,1.086463521265179
0.8368146928203247,1.108507788835073
0.8468146928203247,1.1310462761898874
0.8568146928203247,1.1541004548861138
0.8668146928203248,1.177693001598187
0.8768146928203248,1.2018478852002001
0.8868146928203248,1.226590461479601
0.8968146928203248,1.251947576275719
0.9068146928203248,1.2779476779314871
0.9168146928203248,1.304620940055398
0.9268146928203248,1.3319993957145746
0.9368146928203248,1.36011708432128
0.9468146928203248,1.3890102126370214
0.9568146928203248,1.41871733150396
0.9668146928203248,1.4492795301265504
0.9768146928203248,1.4807406499718414
0.9868146928203249,1.5131475206402263
0.9968146928203249,1.5465502203862038
1.0068146928203248,1.5810023643488058
1.0168146928203248,1.616561423993179
1.0268146928203248,1.6532890817797428
1.0368146928203248,1.6912516256790837
1.0468146928203248,1.7305203888558147
1.0568146928203248,1.7711722406731796
1.0668146928203248,1.8132901361466833
1.0768146928203248,1.856963732129446
1.0868146928203248,1.9022900798810647
1.0968146928203248,1.94937440530082
1.1068146928203249,1.9983309900511086
1.1168146928203249,2.0492841691276227
1.1268146928203249,2.10236946323589
1.1368146928203249,2.1577348677181765
1.1468146928203249,2.2155423238775884
1.156814692820325,2.2759694035409597
1.166814692820325,2.3392112438096535
1.176814692820325,2.405482776450094
1.186814692820325,2.4750213056370907
1.196814692820325,2.5480894992529954
1.206814692820325,2.624978873276792
1.216814692820325,2.7060138667719538
1.226814692820325,2.791556627659586
1.236814692820325,2.8820126582521333
1.246814692820325,2.977837506309036
1.256814692820325,3.0795447347062317
1.266814692820325,3.1877154641550547
1.276814692820325,3.3030098635296223
1.286814692820325,3.4261810678782076
1.296814692820325,3.5580921443715234
1.306814692820325,3.6997369144093475
1.316814692820325,3.852265694683243
1.326814692820325,4.017017368477647
1.336814692820325,4.195559681019125
1.346814692820325,4.389740329099689
1.356814692820325,4.601752376114645
1.366814692820325,4.834218908541092
1.376814692820325,5.090303877302378
1.386814692820325,5.37385908665444
1.396814692820325,5.68962187423576
1.4068146928203251,6.0434851211766105
1.4168146928203251,6.442872473488786
1.4268146928203251,6.897269925632286
1.4368146928203251,7.4189954591900875
1.4468146928203252,8.024341142506536
1.4568146928203252,8.735316432241333
1.4668146928203252,9.58239740344801
1.4768146928203252,10.609031150276095
1.4868146928203252,11.879358319350134
1.4968146928203252,13.492198711105956
1.5068146928203252,15.608152146031683
1.5168146928203252,18.506821649430456
1.5268146928203252,22.72210083648556
1.5368146928203252,29.41633277444284
1.5468146928203252,41.690582362046044
1.5568146928203253,71.5177381227281
1.5668146928203253,251.1518441702986
1.5768146928203253,-166.15605002573503
1.5868146928203253,-62.42300042336001
1.5968146928203253,-38.42571578277711
1.6068146928203253,-27.751606527392678
1.6168146928203253,-21.715112681296365
1.6268146928203253,-17.83261156777053
1.6368146928203253,-15.125287546380452
1.6468146928203253,-13.12936656870298
1.6568146928203253,-11.596737327043813
1.6668146928203253,-10.382648395165122
1.6768146928203254,-9.39696201308726
1.6868146928203254,-8.580617440086785
1.6968146928203254,-7.8933006013728795
1.7068146928203254,-7.306552861989468
1.7168146928203254,-6.799711455224542
1.7268146928203254,-6.357411100897653
1.7368146928203254,-5.96798855327342
1.7468146928203254,-5.62243099633446
1.7568146928203254,-5.313663632884165
1.7668146928203254,-5.036055338176066
1.7768146928203254,-4.785068285079092
1.7868146928203255,-4.557004887303297
1.7968146928203255,-4.348821920373275
1.8068146928203255,-4.157991896296576
1.8168146928203255,-3.9823982467574703
1.8268146928203255,-3.8202550709805205
1.8368146928203255,-3.6700449843233716
1.8468146928203255,-3.530470477139506
1.8568146928203255,-3.4004154774137714
1.8668146928203255,-3.278914704265944
1.8768146928203255,-3.1651290302044908
1.8868146928203255,-3.0583255211555413
1.8968146928203256,-2.9578611498933083
1.9068146928203256,-2.86316941762173
1.9168146928203256,-2.7737492953841794
1.9268146928203256,-2.6891560291787147
1.9368146928203256,-2.6089934523502514
1.9468146928203256,-2.532907524663204
1.9568146928203256,-2.460580875610078
1.9668146928203256,-2.3917281744477004
1.9768146928203256,-2.326092184428185
1.9868146928203256,-2.2634403861007053
1.9968146928203256,-2.2035620761787067
2.0068146928203254,-2.1462658656234432
2.016814692820325,-2.0913775142890265
2.026814692820325,-2.0387380504658386
2.036814692820325,-1.9882021325279902
2.0468146928203246,-1.9396366170825547
2.0568146928203244,-1.8929193038785481
2.066814692820324,-1.8479378325305296
2.076814692820324,-1.8045887100554587
2.0868146928203237,-1.762776451477339
2.0968146928203235,-1.722412818453019
2.1068146928203233,-1.6834161431182006
2.116814692820323,-1.6457107262282387
2.126814692820323,-1.6092263002402591
2.1368146928203227,-1.5738975493051228
2.1468146928203224,-1.5396636792532068
2.1568146928203222,-1.506468031602104
2.166814692820322,-1.474257736415914
2.176814692820322,-1.4429833995283248
2.1868146928203216,-1.4125988202244908
2.1968146928203214,-1.3830607359757376
2.206814692820321,-1.3543285912495302
2.216814692820321,-1.3263643277858623
2.2268146928203207,-1.2991321940493674
2.2368146928203205,-1.2725985718415915
2.2468146928203203,-1.2467318182963911
2.25681469282032,-1.2215021216886401
2.26681469282032,-1.1968813696668585
2.2768146928203197,-1.172843028677803
2.2868146928203195,-1.1493620334887042
2.2968146928203192,-1.1264146858334065
2.306814692820319,-1.1039785613145048
2.316814692820319,-1.0820324237866346
2.3268146928203186,-1.0605561465280582
2.3368146928203184,-1.039530639580046
2.346814692820318,-1.0189377826975095
2.356814692820318,-0.9987603634109815
2.3668146928203178,-0.9789820197502787
2.3768146928203175,-0.9595871872247934
2.3868146928203173,-0.9405610496950804
2.396814692820317,-0.921889493805767
2.406814692820317,-0.9035590666813913
2.4168146928203167,-0.8855569366149783
2.4268146928203165,-0.8678708565044101
2.4368146928203163,-0.8504891298142623
2.446814692820316,-0.8334005788610774
2.456814692820316,-0.8165945152382786
2.4668146928203156,-0.800060712213327
2.4768146928203154,-0.7837893789445
2.486814692820315,-0.7677711363779897
2.496814692820315,-0.7519969946980405
2.5068146928203148,-0.736458332213721
2.5168146928203146,-0.7211468755757543
2.5268146928203143,-0.70605468122574
2.536814692820314,-0.6911741179881826
2.546814692820314,-0.6764978507230686
2.5568146928203137,-0.6620188249633997
2.5668146928203135,-0.6477302524681527
2.5768146928203133,-0.6336255976266474
2.586814692820313,-0.6196985646553392
2.596814692820313,-0.605943085532638
2.6068146928203126,-0.5923533086215385
2.6168146928203124,-0.5789235879336825
2.626814692820312,-0.5656484729919641
2.636814692820312,-0.5525226992520033
2.646814692820312,-0.539541179045739
2.6568146928203116,-0.5266989930130928
2.6668146928203114,-0.513991381990119
2.676814692820311,-0.5014137393243272
2.686814692820311,-0.48896160358994856
2.6968146928203107,-0.47663065167783303
2.7068146928203105,-0.4644166922364305
2.7168146928203103,-0.4523156594419342
2.72681469282031,-0.4403236070771611
2.73681469282031,-0.42843670290012825
2.7468146928203097,-0.41665122328455556
2.7568146928203094,-0.4049635481157056
2.7668146928203092,-0.3933701559260568
2.776814692820309,-0.3818676192563122
2.786814692820309,-0.37045260022817705
2.7968146928203086,-0.3591218463161965
2.8068146928203084,-0.3478721863067445
2.816814692820308,-0.33670052643299087
2.826814692820308,-0.3256038466753579
2.8368146928203077,-0.3145791972176119
2.8468146928203075,-0.30362369504932335
2.8568146928203073,-0.2927345207059732
2.866814692820307,-0.28190891513849076
2.876814692820307,-0.27114417670447555
2.8868146928203067,-0.26043765827379395
2.8968146928203065,-0.24978676444164322
2.9068146928203062,-0.23918894884255257
2.916814692820306,-0.2286417115591389
2.926814692820306,-0.21814259661975705
2.9368146928203056,-0.2076891895794857
2.9468146928203054,-0.19727911517916735
2.956814692820305,-0.186910035077478
2.966814692820305,-0.17657964565124193
2.9768146928203048,-0.16628567585942683
2.9868146928203045,-0.15602588516645927
2.9968146928203043,-0.14579806152068855
3.006814692820304,-0.1356000193840011
3.016814692820304,-0.12542959780874674
3.0268146928203037,-0.11528465855828599
3.0368146928203035,-0.10516308426759999
3.0468146928203033,-0.09506277664052916
3.056814692820303,-0.08498165468031625
3.066814692820303,-0.07491765295023091
3.0768146928203026,-0.06486871986114287
3.0868146928203024,-0.05483281598299161
3.096814692820302,-0.044807912377170925
3.106814692820302,-0.03479198894690941
3.1168146928203018,-0.024783032802780464
3.1268146928203016,-0.014779036640520247
3.1368146928203013,-0.004777997128367963
3.146814692820301,0.005222086698829148
3.156814692820301,0.015223215041484
3.1668146928203007,0.025227388935837158
3.1768146928203005,0.03523661185594595
3.1868146928203003,0.045252891319821686
3.1968146928203,0.05527824050245352
3.2068146928203,0.06531467985847776
3.2168146928202996,0.07536423875727953
3.2268146928202994,0.0854289571333503
3.236814692820299,0.09551088715476971
3.246814692820299,0.10561209491273339
3.256814692820299,0.11573466213511113
3.2668146928202986,0.12588068792709112
3.2768146928202984,0.13605229054204668
3.286814692820298,0.14625160918585306
3.296814692820298,0.1564808058579827
3.3068146928202977,0.1667420672328188
3.3168146928202975,0.17703760658475048
3.3268146928202973,0.1873696657607475
3.336814692820297,0.19774051720425925
3.346814692820297,0.20815246603444376
3.3568146928202967,0.21860785218490647
3.3668146928202964,0.22910905260631778
3.3768146928202962,0.239658483537483
3.386814692820296,0.2502586028496604
3.396814692820296,0.26091191246916184
3.4068146928202956,0.27162096088353027
3.4168146928202954,0.28238834573686483
3.426814692820295,0.29321671652016895
3.436814692820295,0.30410877736291714
3.4468146928202947,0.31506728993238836
3.4568146928202945,0.32609507644768926
3.4668146928202943,0.33719502281579694
3.476814692820294,0.3483700818973868
3.486814692820294,0.3596232769106835
3.4968146928202937,0.37095770498208036
3.5068146928202935,0.38237654085281747
3.5168146928202932,0.39388304075160274
3.526814692820293,0.40548054644369147
3.536814692820293,0.4171724894676297
3.5468146928202926,0.4289623955716056
3.5568146928202924,0.44085388936215275
3.566814692820292,0.45285069917881254
3.576814692820292,0.4649566622092968
3.5868146928202918,0.4771757298607001
3.5968146928202915,0.4895119734034026
3.6068146928202913,0.5019695899054855
3.616814692820291,0.5145529084767614
3.626814692820291,0.5272663968429077
3.6368146928202907,0.5401146682716931
3.6468146928202905,0.5531024888749217
3.6568146928202903,0.5662347853114877
3.66681469282029,0.5795166529188587
3.67681469282029,0.5929533643023989
3.6868146928202896,0.6065503784142199
3.6968146928202894,0.6203133501557263
3.706814692820289,0.634248140540724
3.716814692820289,0.6483608274589098
3.7268146928202888,0.6626577170827722
3.7368146928202886,0.6771453559644536
3.7468146928202883,0.6918305438729596
3.756814692820288,0.7067203474263136
3.766814692820288,0.7218221145778523
3.7768146928202877,0.7371434900209134
3.7868146928202875,0.7526924315817051
3.7968146928202873,0.7684772276762303
3.806814692820287,0.7845065159138339
3.816814692820287,0.8007893029373035
3.8268146928202866,0.8173349855975649
3.8368146928202864,0.834153373569964
3.846814692820286,0.8512547135290048
3.856814692820286,0.8686497150093259
3.866814692820286,0.8863495780927844
3.8768146928202856,0.9043660230748924
3.8868146928202854,0.9227113222786959
3.896814692820285,0.9413983342006581
3.906814692820285,0.9604405401914391
3.9168146928202847,0.9798520838948459
3.9268146928202845,0.9996478136909647
3.9368146928202843,1.0198433284148485
3.946814692820284,1.0404550266504882
3.956814692820284,1.0615001599315177
3.9668146928202836,1.082996890215663
3.9768146928202834,1.104964352039855
3.9868146928202832,1.1274227198077784
3.996814692820283,1.1503932807121369
4.006814692820283,1.173898513850852
4.016814692820283,1.197962176160722
4.026814692820283,1.2226093958648365
4.036814692820283,1.2478667742124574
4.046814692820282,1.273762496383702
4.056814692820282,1.3003264525377927
4.066814692820282,1.3275903701049216
4.076814692820282,1.355587958560239
4.0868146928202815,1.38435506807685
4.096814692820281,1.4139298636362405
4.106814692820281,1.4443530163830631
4.116814692820281,1.475667914251235
4.126814692820281,1.5079208941652187
4.1368146928202805,1.5411614984405624
4.14681469282028,1.5754427583789508
4.15681469282028,1.610821508484309
4.16681469282028,1.6473587352289487
4.17681469282028,1.6851199648856248
4.186814692820279,1.7241756956287402
4.196814692820279,1.7646018799153067
4.206814692820279,1.80648046410736
4.216814692820279,1.8498999934213314
4.2268146928202786,1.8949562916220022
4.236814692820278,1.9417532264628599
4.246814692820278,1.99040357376513
4.256814692820278,2.0410299952916673
4.266814692820278,2.093766148293077
4.2768146928202775,2.1487579478868954
4.286814692820277,2.2061650074084915
4.296814692820277,2.266162286711654
4.306814692820277,2.328941984310018
4.316814692820277,2.394715716509022
4.326814692820276,2.4637170356308884
4.336814692820276,2.5362043505333265
4.346814692820276,2.612464326453104
4.356814692820276,2.6928158585367044
4.366814692820276,2.77761473526504
4.376814692820275,2.867259135682593
4.386814692820275,2.962196139702959
4.396814692820275,3.0629294762093227
4.406814692820275,3.170028792500139
4.4168146928202745,3.2841408053759205
4.426814692820274,3.4060027950952914
4.436814692820274,3.5364590373243545
4.446814692820274,3.6764809474749587
4.456814692820274,3.8271919542292037
4.466814692820273,3.989898450286507
4.476814692820273,4.166128626156835
4.486814692820273,4.357681633259645
4.496814692820273,4.566690430399329
4.506814692820273,4.79570297293713
4.516814692820272,5.047788309882308
4.526814692820272,5.326676984354885
4.536814692820272,5.6369494138874146
4.546814692820272,5.9842925350483505
4.5568146928202715,6.375855427633098
4.566814692820271,6.8207515131585605
4.576814692820271,7.330783007212511
4.586814692820271,7.921511518615175
4.596814692820271,8.613884446496
4.6068146928202705,9.43678569166374
4.61681469282027,10.431187663518612
4.62681469282027,11.657214446615768
4.63681469282027,13.206812562164748
4.64681469282027,15.228015384856956
4.656814692820269,17.9754042969236
4.666814692820269,21.927003557424968
4.676814692820269,28.098331394081434
4.686814692820269,39.09324837482766
4.6968146928202685,64.20320298732334
4.706814692820268,179.39326431604707
4.716814692820268,-225.95084646161934
4.726814692820268,-69.31585780898718
4.736814692820268,-40.93232174566748
4.7468146928202675,-29.036579197298728
4.756814692820267,-22.49467655837504
4.766814692820267,-18.355523045898664
4.776814692820267,-15.500271891081336
4.786814692820267,-13.411398958546997
4.796814692820266,-11.816577452125486
4.806814692820266,-10.558841807136789
4.816814692820266,-9.541351662288841
4.826814692820266,-8.701119266576395
4.8368146928202655,-7.995405936279314
4.846814692820265,-7.394190360595673
4.856814692820265,-6.875765863004486
4.866814692820265,-6.424048286542547
4.876814692820265,-6.026866249048811
4.8868146928202645,-5.674839526628458
4.896814692820264,-5.360622337377554
4.906814692820264,-5.07838014861811
4.916814692820264,-4.82342004389754
4.926814692820264,-4.5919245196473115
4.936814692820263,-4.380756451043282
4.946814692820263,-4.1873139757976
4.956814692820263,-4.009421000106204
4.966814692820263,-3.845243526048636
4.976814692820263,-3.693224964865579
4.986814692820262,-3.552035593231675
4.996814692820262,-3.4205326717915843
5.006814692820262,-3.297728690995717
5.016814692820262,-3.1827658754348827
5.0268146928202615,-3.0748955533560305
5.036814692820261,-2.9734613416189
5.046814692820261,-2.877885347468112
5.056814692820261,-2.7876567739925147
5.066814692820261,-2.7023224545372106
5.07681469282026,-2.6214789455490757
5.08681469282026,-2.5447658865018994
5.09681469282026,-2.4718603961787804
5.10681469282026,-2.4024723213860373
5.11681469282026,-2.3363401905554686
5.126814692820259,-2.2732277531732836
5.136814692820259,-2.2129210084159445
5.146814692820259,-2.155225644165803
5.156814692820259,-2.099964821768887
5.1668146928202585,-2.046977253276414
5.176814692820258,-1.9961155270856772
5.186814692820258,-1.9472446453296564
5.196814692820258,-1.9002407424173537
5.206814692820258,-1.8549899590777088
5.2168146928202574,-1.8113874503274932
5.226814692820257,-1.7693365091394941
5.236814692820257,-1.7287477903672726
5.246814692820257,-1.6895386217945985
5.256814692820257,-1.651632391107325
5.266814692820256,-1.614957999201849
5.276814692820256,-1.579449371602993
5.286814692820256,-1.5450450209099136
5.296814692820256,-1.5116876541579984
5.3068146928202555,-1.4793238198072836
5.316814692820255,-1.4479035897680175
5.326814692820255,-1.417380272471546
5.336814692820255,-1.3877101535061074
5.346814692820255,-1.3588522607760016
5.3568146928202545,-1.3307681515201673
5.366814692820254,-1.303421718851858
5.376814692820254,-1.2767790157626415
5.386814692820254,-1.2508080947779197
5.396814692820254,-1.2254788616630472
5.406814692820253,-1.2007629417635628
5.416814692820253,-1.176633557723897
5.426814692820253,-1.1530654174695294
5.436814692820253,-1.130034611460689
5.4468146928202525,-1.1075185183337404
5.456814692820252,-1.0854957181413716
5.466814692820252,-1.0639459124863486
5.476814692820252,-1.042849850917403
5.486814692820252,-1.0221892630210403
5.4968146928202515,-1.0019467957007948
5.506814692820251,-0.9821059551866562
5.516814692820251,-0.962651053362862
5.526814692820251,-0.9435671580426935
5.536814692820251,-0.9248400468549428
5.54681469282025,-0.9064561644388615
5.55681469282025,-0.8884025826731166
5.56681469282025,-0.8706669636899729
5.57681469282025,-0.8532375254489355
5.58681469282025,-0.8361030096647346
5.596814692820249,-0.8192526519030786
5.606814692820249,-0.8026761536742841
5.616814692820249,-0.7863636563699068
5.626814692820249,-0.7703057169010403
5.6368146928202485,-0.7544932849091706
5.646814692820248,-0.7389176814315197
5.656814692820248,-0.7235705789128024
5.666814692820248,-0.7084439824643692
5.676814692820248,-0.6935302122799132
5.686814692820247,-0.6788218871243636
5.696814692820247,-0.6643119088193565
5.706814692820247,-0.6499934476548196
5.716814692820247,-0.635859928661815
5.726814692820247,-0.6219050186868816
5.736814692820246,-0.6081226142127776
5.746814692820246,-0.5945068298747662
5.756814692820246,-0.5810519876254783
5.766814692820246,-0.5677526065049268
5.7768146928202455,-0.5546033929755042
5.786814692820245,-0.5415992317847673
5.796814692820245,-0.5287351773215442
5.806814692820245,-0.5160064454333999
5.816814692820245,-0.5034084056758014
5.8268146928202444,-0.49093657396542767
5.836814692820244,-0.4785866056120226
5.846814692820244,-0.4663542887049684
5.856814692820244,-0.45423553783240966
5.866814692820244,-0.4422263881122719
5.876814692820243,-0.43032298951592074
5.886814692820243,-0.41852160146649625
5.896814692820243,-0.4068185876951516
5.906814692820243,-0.3952104113395247
5.9168146928202425,-0.38369363026979053
5.926814692820242,-0.37226489262858314
5.936814692820242,-0.3609209325719475
5.946814692820242,-0.3496585661992884
5.956814692820242,-0.33847468766102895
5.9668146928202415,-0.3273662654333865
5.976814692820241,-0.3163303387503118
5.986814692820241,-0.30536401418323544
5.996814692820241,-0.29446446235981444
6.006814692820241,-0.2836289148133863
6.01681469282024,-0.2728546609553117
6.02681469282024,-0.26213904516282704
6.03681469282024,-0.2514794639754397
6.04681469282024,-0.2408733633932759
6.0568146928202395,-0.2303182362711454
6.066814692820239,-0.2198116198024139
6.076814692820239,-0.20935109308707692
6.086814692820239,-0.19893427477871126
6.096814692820239,-0.1885588208052398
6.1068146928202385,-0.17822242215868853
6.116814692820238,-0.16792280274933633
6.126814692820238,-0.1576577173198669
6.136814692820238,-0.14742494941532153
6.146814692820238,-0.13722230940482752
6.156814692820237,-0.12704763255124057
6.166814692820237,-0.11689877712498595
6.176814692820237,-0.10677362255852092
6.186814692820237,-0.09667006763796504
6.196814692820237,-0.0865860287285571
6.206814692820236,-0.07651943803070083
6.216814692820236,-0.06646824186345238
6.226814692820236,-0.05643039897238542
6.236814692820236,-0.046403878858841674
6.2468146928202355,-0.036386660127638366
6.256814692820235,-0.026376728850358654
6.266814692820235,-0.01637207694139662
6.276814692820235,-0.006370700543966271
