-8.63937979737193,2.9371208211936555
-8.62937979737193,2.394269709569609
-8.61937979737193,1.906154067730625
-8.60937979737193,1.4673114807160648
-8.599379797371931,1.0728754555599527
-8.589379797371931,0.7185046291968673
-8.579379797371931,0.4003210154290995
-8.569379797371932,0.11485605150995282
-8.559379797371932,-0.14099661346094916
-8.549379797371932,-0.37002249275552546
-8.539379797371932,-0.574722573505736
-8.529379797371933,-0.757344787110315
-8.519379797371933,-0.9199139470360649
-8.509379797371933,-1.0642535914956266
-8.499379797371933,-1.192009862173232
-8.489379797371933,-1.304670261896874
-8.479379797371934,-1.4035807222504997
-8.469379797371934,-1.4899607174784397
-8.459379797371934,-1.5649166627385664
-8.449379797371934,-1.6294538035403638
-8.439379797371934,-1.6844867763402993
-8.429379797371935,-1.7308489971192016
-8.419379797371935,-1.7693010147925332
-8.409379797371935,-1.8005379490472835
-8.399379797371935,-1.8251961172687874
-8.389379797371936,-1.843858942288546
-8.379379797371936,-1.857062221468129
-8.369379797371936,-1.865298827896274
-8.359379797371936,-1.869022906011553
-8.349379797371936,-1.8686536165970198
-8.339379797371937,-1.8645784796769003
-8.329379797371937,-1.8571563582498265
-8.319379797371937,-1.8467201209087123
-8.309379797371937,-1.8335790171289634
-8.299379797371937,-1.8180207952726923
-8.289379797371938,-1.80031359008639
-8.279379797371938,-1.78070760360229
-8.269379797371938,-1.7594366008363465
-8.259379797371938,-1.7367192394628992
-8.249379797371938,-1.7127602506978232
-8.239379797371939,-1.687751486903868
-8.229379797371939,-1.661872849913852
-8.21937979737194,-1.6352931127235513
-8.20937979737194,-1.6081706460133955
-8.19937979737194,-1.5806540598970993
-8.18937979737194,-1.5528827703484112
-8.17937979737194,-1.5249874989096175
-8.16937979737194,-1.4970907135239053
-8.15937979737194,-1.4693070176469938
-8.14937979737194,-1.4417434941715577
-8.13937979737194,-1.4145000101322394
-8.129379797371941,-1.3876694876423759
-8.119379797371941,-1.3613381460389145
-8.109379797371941,-1.3355857197745407
-8.099379797371942,-1.3104856561903508
-8.089379797371942,-1.286105296924946
-8.079379797371942,-1.2625060463627875
-8.069379797371942,-1.2397435301933164
-8.059379797371943,-1.2178677468401076
-8.049379797371943,-1.1969232142243578
-8.039379797371943,-1.1769491140473962
-8.029379797371943,-1.1579794355114494
-8.019379797371943,-1.1400431201455363
-8.009379797371944,-1.1231642091631187
-7.999379797371944,-1.1073619945495328
-7.989379797371944,-1.092651174859761
-7.979379797371944,-1.0790420165004373
-7.9693797973719445,-1.066540521074057
-7.959379797371945,-1.0551485991779999
-7.949379797371945,-1.0448642366222938
-7.939379797371945,-1.035681741285403
-7.929379797371945,-1.0275918431491478
-7.9193797973719455,-1.0205819601778305
-7.909379797371946,-1.0146363872724777
-7.899379797371946,-1.00973650802991
-7.889379797371946,-1.0058610114329112
-7.879379797371946,-1.0029861127804751
-7.869379797371947,-1.0010857780847355
-7.859379797371947,-1.0001319510912714
-7.849379797371947,-1.0000947820221442
-7.839379797371947,-1.0009428570962977
-7.8293797973719474,-1.0026434278498375
-7.819379797371948,-1.0051626392590973
-7.809379797371948,-1.0084657556620076
-7.799379797371948,-1.0125173834780152
-7.789379797371948,-1.0172816897430808
-7.7793797973719485,-1.0227226155037115
-7.769379797371949,-1.0288040831520284
-7.759379797371949,-1.035490196831766
-7.749379797371949,-1.0427454351021115
-7.739379797371949,-1.0505348351115928
-7.72937979737195,-1.0588241676068395
-7.71937979737195,-1.0675801021799722
-7.70937979737195,-1.0767703622425704
-7.69937979737195,-1.0863638693025601
-7.68937979737195,-1.0963308762117059
-7.679379797371951,-1.1066430891446843
-7.669379797371951,-1.1172737781646993
-7.659379797371951,-1.1281978763242018
-7.649379797371951,-1.1393920673413833
-7.6393797973719515,-1.1508348619826962
-7.629379797371952,-1.1625066633677175
-7.619379797371952,-1.1743898214943123
-7.609379797371952,-1.186468677358462
-7.599379797371952,-1.1987295971135743
-7.589379797371953,-1.2111609967779613
-7.579379797371953,-1.223753358055972
-7.569379797371953,-1.236499235887577
-7.559379797371953,-1.2493932583827774
-7.549379797371953,-1.2624321198308444
-7.539379797371954,-1.2756145675000816
-7.529379797371954,-1.288941382961511
-7.519379797371954,-1.302415358679852
-7.509379797371954,-1.316041270617525
-7.4993797973719545,-1.3298258475925726
-7.489379797371955,-1.3437777381196034
-7.479379797371955,-1.3579074754447165
-7.469379797371955,-1.3722274414611457
-7.459379797371955,-1.3867518301627417
-7.4493797973719555,-1.401496611257766
-7.439379797371956,-1.4164794945264179
-7.429379797371956,-1.431719895462503
-7.419379797371956,-1.4472388860045518
-7.409379797371956,-1.4630592322401874
-7.399379797371957,-1.4792052625021785
-7.389379797371957,-1.4957029134794375
-7.379379797371957,-1.5125796905497595
-7.369379797371957,-1.529864649684902
-7.3593797973719575,-1.5475883829794181
-7.349379797371958,-1.5657830079067452
-7.339379797371958,-1.5844821603433947
-7.329379797371958,-1.6037209913377677
-7.319379797371958,-1.6235361675337536
-7.3093797973719585,-1.6439658750905315
-7.299379797371959,-1.6650498268683507
-7.289379797371959,-1.68682927257482
-7.279379797371959,-1.7093470114865603
-7.269379797371959,-1.7326474072760223
-7.25937979737196,-1.756776404381494
-7.24937979737196,-1.7817815452585704
-7.23937979737196,-1.8077119877417407
-7.22937979737196,-1.8346185216234778
-7.2193797973719604,-1.8625535834228477
-7.209379797371961,-1.891571268163478
-7.199379797371961,-1.921727336808716
-7.189379797371961,-1.9530792178060434
-7.179379797371961,-1.9856860009692037
-7.1693797973719615,-2.019608421669674
-7.159379797371962,-2.0549088330134464
-7.149379797371962,-2.0916511633371533
-7.139379797371962,-2.1299008559614045
-7.129379797371962,-2.169724787678743
-7.119379797371963,-2.211191161917373
-7.109379797371963,-2.2543693718958426
-7.099379797371963,-2.299329828351791
-7.089379797371963,-2.346143745569965
-7.079379797371963,-2.394882878427622
-7.069379797371964,-2.445619201990861
-7.059379797371964,-2.4984245237998226
-7.049379797371964,-2.553370017333263
-7.039379797371964,-2.610525663194898
-7.0293797973719645,-2.669959582255929
-7.019379797371965,-2.7317372422488893
-7.009379797371965,-2.7959205160500793
-6.999379797371965,-2.862566566006646
-6.989379797371965,-2.9317265240298616
-6.979379797371966,-3.0034439316327664
-6.969379797371966,-3.077752897443786
-6.959379797371966,-3.154675921743789
-6.949379797371966,-3.234221390042344
-6.939379797371966,-3.3163802852475768
-6.929379797371967,-3.4011229958421167
-6.919379797371967,-3.488394811002841
-6.909379797371967,-3.578110976165869
-6.899379797371967,-3.6701507546176475
-6.8893797973719675,-3.764350384568308
-6.879379797371968,-3.860494714590808
-6.869379797371968,-3.958307253961736
-6.859379797371968,-4.057438317332936
-6.849379797371968,-4.15745087258647
-6.8393797973719686,-4.257803613230703
-6.829379797371969,-4.357830667875449
-6.819379797371969,-4.456717223527525
-6.809379797371969,-4.55347016939854
-6.799379797371969,-4.646882654202875
-6.78937979737197,-4.735491180326065
-6.77937979737197,-4.817523516822102
-6.76937979737197,-4.890835279058457
-6.75937979737197,-4.952832468459579
-6.7493797973719705,-5.000376554786024
-6.739379797371971,-5.029667767278423
-6.729379797371971,-5.03610107497351
-6.719379797371971,-5.014087793360246
-6.709379797371971,-4.956833736259225
-6.6993797973719715,-4.856062177643141
-6.689379797371972,-4.701666377766809
-6.679379797371972,-4.481271757406913
-6.669379797371972,-4.179681550701357
-6.659379797371972,-3.778171339416656
-6.649379797371973,-3.253586434633859
-6.639379797371973,-2.577180438130642
-6.629379797371973,-1.7131117807953884
-6.619379797371973,-0.6164851312058925
-6.6093797973719735,0.7692173141439964
-6.599379797371974,2.515528835176727
-6.589379797371974,4.713514110793552
-6.579379797371974,7.4798268385797115
-6.569379797371974,10.964916085229207
-6.5593797973719745,15.364216905353349
-6.549379797371975,20.9336053651819
-6.539379797371975,28.01093258381842
-6.529379797371975,37.0463884608909
-6.519379797371975,48.645840180680224
-6.509379797371976,63.633514657106375
-6.499379797371976,83.14397089661975
-6.489379797371976,108.75917482570695
-6.479379797371976,142.71631171743715
-6.469379797371976,188.2287918349086
-6.459379797371977,249.9924277131722
-6.449379797371977,335.0020044497376
-6.439379797371977,453.9024119769047
-6.429379797371977,623.2886404673368
-6.4193797973719775,869.7482116725981
-6.409379797371978,1237.2287831696915
-6.399379797371978,1801.0364160670488
-6.389379797371978,2695.743839643464
-6.379379797371978,4174.060358110477
-6.369379797371979,6739.628160852341
-6.359379797371979,11471.913743327064
-6.349379797371979,20905.08718216426
-6.339379797371979,41730.12281522727
-6.329379797371979,94637.03183117823
-6.31937979737198,259770.77462699555
-6.30937979737198,978639.4486968697
-6.29937979737198,6916351.039722019
-6.28937979737198,3.332733346245958E8
-6.2793797973719805,2.4133679448201094E9
-6.269379797371981,1.4334900634553649E7
-6.259379797371981,1667835.5941256483
-6.249379797371981,421480.6294970027
-6.239379797371981,153483.0096050623
-6.2293797973719816,69164.28429213782
-6.219379797371982,35835.68870295254
-6.209379797371982,20486.85919722052
-6.199379797371982,12598.11417211533
-6.189379797371982,8194.57864791213
-6.179379797371983,5572.255999573893
-6.169379797371983,3927.5550142483053
-6.159379797371983,2851.188431485675
-6.149379797371983,2121.295766169128
-6.1393797973719835,1611.2264922899064
-6.129379797371984,1245.4525263816913
-6.119379797371984,977.2168263759263
-6.109379797371984,776.6215330985784
-6.099379797371984,624.0005518396414
-6.0893797973719845,506.09137413721425
-6.079379797371985,413.7497023450624
-6.069379797371985,340.54465056176844
-6.059379797371985,281.8724050042915
-6.049379797371985,234.38374053565448
-6.039379797371986,195.6063455191648
-6.029379797371986,163.69083036254366
-6.019379797371986,137.2368954006067
-6.009379797371986,115.17243560925161
-5.9993797973719865,96.66821221252849
-5.989379797371987,81.07680273527316
-5.979379797371987,67.88836823487331
-5.969379797371987,56.69822832802629
-5.959379797371987,47.182831597384755
-5.9493797973719875,39.08176512895429
-5.939379797371988,32.184155431441766
-5.929379797371988,26.318294560743848
-5.919379797371988,21.343656591646592
-5.909379797371988,17.144700059447178
-5.899379797371989,13.626013890402303
-5.889379797371989,10.708478965993086
-5.879379797371989,8.32619903756027
-5.869379797371989,6.424012768533289
-5.859379797371989,4.955439636363887
-5.84937979737199,3.8809405233702794
-5.83937979737199,3.1663917729576783
-5.82937979737199,2.781680842147143
-5.81937979737199,2.6993330912496347
-5.8093797973719905,2.893072637751522
-5.799379797371991,3.33620500699059
-5.789379797371991,3.999685104484648
-5.779379797371991,4.849702174548327
-5.769379797371991,5.844581642978901
-5.759379797371992,6.930798666967086
-5.749379797371992,8.037999212422365
-5.739379797371992,9.073357659399491
-5.729379797371992,9.917006553628617
-5.719379797371992,10.4245117134191
-5.709379797371993,10.455039314948122
-5.699379797371993,9.982910850738033
-5.689379797371993,9.477792854535789
-5.679379797371993,11.193210472769046
-5.6693797973719935,23.830745677788542
-5.659379797371994,81.74986137022849
-5.649379797371994,342.8079451354799
-5.639379797371994,1802.330623389768
-5.629379797371994,17057.83510907905
-5.619379797371995,3441633.369185665
-5.609379797371995,-164998.37360456114
-5.599379797371995,-18254.95044490155
-5.589379797371995,-6335.61210475173
-5.579379797371995,-3271.088882465695
-5.569379797371996,-2060.0697557870662
-5.559379797371996,-1458.6180961982166
-5.549379797371996,-1114.383914529367
-5.539379797371996,-897.445524576022
-5.5293797973719965,-750.9004890957177
-5.519379797371997,-646.5976848566452
-5.509379797371997,-569.2837038723819
-5.499379797371997,-510.08756103337413
-5.489379797371997,-463.5529744941715
-5.4793797973719975,-426.16471600042627
-5.469379797371998,-395.57003777572544
-5.459379797371998,-370.14259171853
-5.449379797371998,-348.72674271871887
-5.439379797371998,-330.4815747903303
-5.429379797371999,-314.7823967188058
-5.419379797371999,-301.15666305759083
-5.409379797371999,-289.24117274941733
-5.399379797371999,-278.75280490923893
-5.3893797973719995,-269.46808931321254
-5.379379797372,-261.2086756539445
-5.369379797372,-253.83082306074385
-5.359379797372,-247.21768110563704
-5.349379797372,-241.273542256804
-5.3393797973720005,-235.91950845283594
-5.329379797372001,-231.0901866630886
-5.319379797372001,-226.73114320566273
-5.309379797372001,-222.7969245515057
-5.299379797372001,-219.2495060486119
-5.289379797372002,-216.05706752918314
-5.279379797372002,-213.19302134026688
-5.269379797372002,-210.63523739913597
-5.259379797372002,-208.36542371084775
-5.249379797372002,-206.36863094808518
-5.239379797372003,-204.63285724578927
-5.229379797372003,-203.14873504495722
-5.219379797372003,-201.90928615044996
-5.209379797372003,-200.9097345181893
-5.1993797973720035,-200.14736892520548
-5.189379797372004,-199.6214497991975
-5.179379797372004,-199.33315624024962
-5.169379797372004,-199.28557077032278
-5.159379797372004,-199.48370068732308
-5.149379797372005,-199.9345361565847
-5.139379797372005,-200.6471464120064
-5.129379797372005,-201.63281672767653
-5.119379797372005,-202.9052302268678
-5.109379797372005,-204.48070019459612
-5.099379797372006,-206.37846044189533
-5.089379797372006,-208.62102354457704
-5.079379797372006,-211.23461958661815
-5.069379797372006,-214.2497315608271
-5.0593797973720065,-217.70174805942887
-5.049379797372007,-221.63175965018624
-5.039379797372007,-226.08753282369616
-5.029379797372007,-231.1247052251608
-5.019379797372007,-236.80825889949884
-5.009379797372008,-243.21434567714905
-4.999379797372008,-250.4325623076829
-4.989379797372008,-258.5688049502357
-4.979379797372008,-267.74887670241975
-4.969379797372008,-278.1230832176425
-4.959379797372009,-289.8721379186191
-4.949379797372009,-303.21482165590163
-4.939379797372009,-318.4180200023376
-4.929379797372009,-335.8100230093116
-4.9193797973720095,-355.7983621460024
-4.90937979737201,-378.89405014777606
-4.89937979737201,-405.7450021133938
-4.88937979737201,-437.1828543059518
-4.87937979737201,-474.28971441357623
-4.8693797973720105,-518.4952040837861
-4.859379797372011,-571.7206501964013
-4.849379797372011,-636.5986484317716
-4.839379797372011,-716.8168103098565
-4.829379797372011,-817.67375212939
-4.819379797372012,-947.0084973960554
-4.809379797372012,-1116.8321624465298
-4.799379797372012,-1346.324254566753
-4.789379797372012,-1667.6962579914668
-4.7793797973720125,-2138.5491886494783
-4.769379797372013,-2870.497000788264
-4.759379797372013,-4104.168456086441
-4.749379797372013,-6441.984935179415
-4.739379797372013,-11776.289240662578
-4.7293797973720135,-28941.81767938567
-4.719379797372014,-166608.73077327918
-4.709379797372014,-876864.1846250226
-4.699379797372014,-45783.594935899935
-4.689379797372014,-14291.444658256227
-4.679379797372015,-6785.336520128407
-4.669379797372015,-3908.194793300843
-4.659379797372015,-2517.386174234864
-4.649379797372015,-1744.5908959404546
-4.6393797973720154,-1273.1822232393665
-4.629379797372016,-965.6751983221426
-4.619379797372016,-754.6766592188745
-4.609379797372016,-604.0576874965877
-4.599379797372016,-493.06636928682997
-4.5893797973720165,-409.11056058196465
-4.579379797372017,-344.19969081228146
-4.569379797372017,-293.0709481453531
-4.559379797372017,-252.14736519085776
-4.549379797372017,-218.93142213737738
-4.539379797372018,-191.63812775186702
-4.529379797372018,-168.96542865819012
-4.519379797372018,-149.94628362531753
-4.509379797372018,-133.85086941772877
-4.499379797372018,-120.12043561810087
-4.489379797372019,-108.32164416180558
-4.479379797372019,-98.11446657675344
-4.469379797372019,-89.22923635089718
-4.459379797372019,-81.44999692188279
-4.4493797973720195,-74.60225111928833
-4.43937979737202,-68.54383464752786
-4.42937979737202,-63.15803788952031
-4.41937979737202,-58.34836657659395
-4.40937979737202,-54.034511246462074
-4.399379797372021,-50.14921807095065
-4.389379797372021,-46.63583867948712
-4.379379797372021,-43.44639633059735
-4.369379797372021,-40.540048233649365
-4.359379797372021,-37.881854332863654
-4.349379797372022,-35.44178502389463
-4.339379797372022,-33.193916524786324
-4.329379797372022,-31.115774652688806
-4.319379797372022,-29.187796739986844
-4.3093797973720225,-27.39288818569462
-4.299379797372023,-25.71605526866383
-4.289379797372023,-24.144099771001127
-4.279379797372023,-22.665363979228108
-4.269379797372023,-21.269516970994328
-4.2593797973720235,-19.947374921274182
-4.249379797372024,-18.69074959640127
-4.239379797372024,-17.492320338488984
-4.229379797372024,-16.345525745819508
-4.219379797372024,-15.244471979027141
-4.209379797372025,-14.183855208564964
-4.199379797372025,-13.15889619700814
-4.189379797372025,-12.165285404496617
-4.179379797372025,-11.199137336228805
-4.1693797973720255,-10.256953132844133
-4.159379797372026,-9.335594612483153
-4.149379797372026,-8.432245210059877
-4.139379797372026,-7.544418190938283
-4.129379797372026,-6.6699301703087
-4.1193797973720265,-5.806902094068095
-4.109379797372027,-4.953762834815597
-4.099379797372027,-4.109260155995964
-4.089379797372027,-3.2724798200061818
-4.079379797372027,-2.442873922487169
-4.069379797372028,-1.6202999004705438
-4.059379797372028,-0.8050721043766407
-4.049379797372028,0.0019716360442649794
-4.039379797372028,0.7993853605011594
-4.0293797973720284,1.5850083440295277
-4.019379797372029,2.3558316116693523
-4.009379797372029,3.1078315964199605
-3.999379797372029,3.8357636716525665
-3.9893797973720293,4.532907038781138
-3.9793797973720295,5.190751565769095
-3.9693797973720297,5.798617458145111
-3.95937979737203,6.343201867530844
-3.94937979737203,6.808056508110808
-3.9393797973720304,7.173025244662787
-3.9293797973720306,7.413728191775929
-3.919379797372031,7.501308199971252
-3.909379797372031,7.402944286526523
-3.899379797372031,7.084284442280271
-3.8893797973720314,6.516417369579987
-3.8793797973720316,5.693322360581438
-3.869379797372032,4.6728850436992575
-3.859379797372032,3.6659184407220176
-3.8493797973720323,3.1723108610564754
-3.8393797973720325,3.525021206450308
-3.8293797973720327,-7.244452250158513
-3.819379797372033,-406.9648817793397
-3.809379797372033,-526237.460660765
-3.7993797973720334,7543.742893681573
-3.7893797973720336,1445.094418436258
-3.7793797973720338,708.3803098436083
-3.769379797372034,479.1277158338594
-3.759379797372034,378.3988982985327
-3.7493797973720344,326.29368853205676
-3.7393797973720346,297.2988085476082
-3.729379797372035,281.10803452930526
-3.719379797372035,272.8827290996351
-3.7093797973720353,270.1113070505322
-3.6993797973720355,271.4030884321441
-3.6893797973720357,275.9630536247028
-3.679379797372036,283.34080651597145
-3.669379797372036,293.3021613768786
-3.6593797973720363,305.7605097896832
-3.6493797973720365,320.7396557583639
-3.6393797973720368,338.3545266938463
-3.629379797372037,358.8029502583543
-3.619379797372037,382.36504590059286
-3.6093797973720374,409.4085760165919
-3.5993797973720376,440.3996595947605
-3.589379797372038,475.91896380135984
-3.579379797372038,516.6840607329584
-3.5693797973720383,563.5791889083292
-3.5593797973720385,617.6942798808323
-3.5493797973720387,680.375880640869
-3.539379797372039,753.2936143117764
-3.529379797372039,838.5271943997932
-3.5193797973720393,938.6809074565774
-3.5093797973720395,1057.0351444448463
-3.4993797973720397,1197.7497103583532
-3.48937979737204,1366.12972557256
-3.47937979737204,1569.0001875189116
-3.4693797973720404,1815.2020734194227
-3.4593797973720406,2116.283670789038
-3.449379797372041,2487.4605427103916
-3.439379797372041,2948.9645502956514
-3.4293797973720412,3527.960374036752
-3.4193797973720415,4261.300026301265
-3.4093797973720417,5199.53104529642
-3.399379797372042,6412.80663036349
-3.389379797372042,7999.724655859808
-3.3793797973720423,10100.75002445097
-3.3693797973720425,12918.934598227985
-3.3593797973720427,16752.47567358929
-3.349379797372043,22046.873103869228
-3.339379797372043,29480.256048471765
-3.3293797973720434,40106.21804608658
-3.3193797973720436,55599.032842690154
-3.309379797372044,78686.53648825058
-3.299379797372044,113938.32503916843
-3.2893797973720442,169251.42394847242
-3.2793797973720444,258761.7411998257
-3.2693797973720446,408807.04226314585
-3.259379797372045,670772.3580962587
-3.249379797372045,1150425.5969464544
-3.2393797973720453,2079653.511942966
-3.2293797973720455,4006728.9264656105
-3.2193797973720457,8353091.554031892
-3.209379797372046,1.925346115482054E7
-3.199379797372046,5.065733027166138E7
-3.1893797973720464,1.5999260506250224E8
-3.1793797973720466,6.611555190874338E8
-3.169379797372047,4.2241650734926224E9
-3.159379797372047,6.2032263182185524E10
-3.149379797372047,8.902671821391854E12
-3.1393797973720474,1.7144412593662376E16
-3.1293797973720476,6.101447588860988E11
-3.119379797372048,1.701653152958523E10
-3.109379797372048,1.8467604481283302E9
-3.0993797973720483,3.6803819907929087E8
-3.0893797973720485,1.0369135242122652E8
-3.0793797973720487,3.6545275681849144E7
-3.069379797372049,1.506535461242942E7
-3.059379797372049,6973075.876104478
-3.0493797973720493,3528140.8957590237
-3.0393797973720496,1915685.3270147296
-3.0293797973720498,1101515.9869532515
-3.01937979737205,664137.4096577755
-3.00937979737205,416726.78148446116
-2.9993797973720504,270529.4624208441
-2.9893797973720506,180847.70735812985
-2.979379797372051,124022.78485949704
-2.969379797372051,86982.2596646461
-2.9593797973720513,62227.219422998925
-2.9493797973720515,45311.708022129926
-2.9393797973720517,33521.55106131378
-2.929379797372052,25155.933945907942
-2.919379797372052,19123.740723805262
-2.9093797973720523,14709.990469187864
-2.8993797973720525,11437.067578649094
-2.8893797973720527,8980.269363071324
-2.879379797372053,7115.273521868549
-2.869379797372053,5684.800591115071
-2.8593797973720534,4577.056455054392
-2.8493797973720536,3711.6043681956994
-2.839379797372054,3029.842899717935
-2.829379797372054,2488.641617172777
-2.8193797973720542,2055.9267165613956
-2.8093797973720545,1707.6198866402513
-2.7993797973720547,1425.48429872503
-2.789379797372055,1195.5921349456762
-2.779379797372055,1007.2229928260966
-2.7693797973720553,852.0642934100974
-2.7593797973720555,723.6255665154479
-2.7493797973720557,616.8056868135017
-2.739379797372056,527.5705020779294
-2.729379797372056,452.7108337699665
-2.7193797973720564,389.65947828259783
-2.7093797973720566,336.35186021985595
-2.699379797372057,291.11922276837095
-2.689379797372057,252.60624232351427
-2.6793797973720572,219.70710114116878
-2.6693797973720574,191.51559891135508
-2.6593797973720577,167.28600767417598
-2.649379797372058,146.40219631173173
-2.639379797372058,128.35315613118044
-2.6293797973720583,112.71350780379632
-2.6193797973720585,99.12790472889915
-2.6093797973720587,87.29849919676688
-2.599379797372059,76.97482745190334
-2.589379797372059,67.94561379442467
-2.5793797973720594,60.032103792148014
-2.5693797973720596,53.082621014823765
-2.55937979737206,46.968106724545166
-2.54937979737206,41.57845232580629
-2.53937979737206,36.81947357604032
-2.5293797973720604,32.610406195803314
-2.5193797973720606,28.881826568152647
-2.509379797372061,25.573920173499786
-2.499379797372061,22.635035407522377
-2.4893797973720613,20.02047234651139
-2.4793797973720615,17.691465526217545
-2.4693797973720617,15.614327403501388
-2.459379797372062,13.759725275375281
-2.449379797372062,12.102069348959777
-2.4393797973720623,10.618993631934657
-2.4293797973720626,9.290914537127303
-2.4193797973720628,8.100654717197699
-2.409379797372063,7.033121784604214
-2.399379797372063,6.075033322198111
-2.3893797973720634,5.214681025678981
-2.3793797973720636,4.441728000380076
-2.369379797372064,3.7470342091853786
-2.359379797372064,3.122505874109703
-2.3493797973720643,2.5609653020459278
-2.3393797973720645,2.0560381602993743
-2.3293797973720647,1.6020556899481502
-2.319379797372065,1.193969731158766
-2.309379797372065,0.8272787576694849
-2.2993797973720653,0.4979633886050556
-2.2893797973720655,0.20243007350088882
-2.2793797973720658,-0.06253816181111371
-2.269379797372066,-0.29982485896939237
-2.259379797372066,-0.5120179741802864
-2.2493797973720664,-0.701442654980182
-2.2393797973720666,-0.870192458483555
-2.229379797372067,-1.0201520218565197
-2.219379797372067,-1.1530219555450973
-2.2093797973720672,-1.2703383408863738
-2.1993797973720675,-1.3734904757678066
-2.1893797973720677,-1.4637365833872422
-2.179379797372068,-1.5422177331494784
-2.169379797372068,-1.6099701899736134
-2.1593797973720683,-1.6679363801089488
-2.1493797973720685,-1.7169746372886237
-2.1393797973720687,-1.7578678721191985
-2.129379797372069,-1.7913312895269107
-2.119379797372069,-1.8180192634482748
-2.1093797973720694,-1.8385314644164472
-2.0993797973720696,-1.8534183239602842
-2.08937979737207,-1.8631859095475332
-2.07937979737207,-1.8683002749538868
-2.0693797973720702,-1.8691913432407778
-2.0593797973720704,-1.8662563728210826
-2.0493797973720707,-1.8598630512473457
-2.039379797372071,-1.8503522562575028
-2.029379797372071,-1.8380405191576124
-2.0193797973720713,-1.8232222217252487
-2.0093797973720715,-1.8061715544062498
-1.9993797973720715,-1.7871442605878707
-1.9893797973720715,-1.7663791891081537
-1.9793797973720715,-1.7440996748558177
-1.9693797973720715,-1.7205147652866597
-1.9593797973720715,-1.6958203088942425
-1.9493797973720715,-1.6701999200940896
-1.9393797973720714,-1.6438258335838025
-1.9293797973720714,-1.6168596600029908
-1.9193797973720714,-1.5894530536158968
-1.9093797973720714,-1.561748301758098
-1.8993797973720714,-1.5338788449109453
-1.8893797973720714,-1.5059697354798156
-1.8793797973720714,-1.4781380426428197
-1.8693797973720714,-1.450493209995059
-1.8593797973720714,-1.4231373721308778
-1.8493797973720714,-1.3961656357748313
-1.8393797973720714,-1.3696663305848678
-1.8293797973720713,-1.3437212343023428
-1.8193797973720713,-1.3184057765082315
-1.8093797973720713,-1.293789224858815
-1.7993797973720713,-1.2699348573136753
-1.7893797973720713,-1.2469001235308304
-1.7793797973720713,-1.2247367982857744
-1.7693797973720713,-1.2034911294709953
-1.7593797973720713,-1.1832039829480292
-1.7493797973720713,-1.1639109862544852
-1.7393797973720713,-1.1456426729118425
-1.7293797973720713,-1.1284246288359616
-1.7193797973720713,-1.1122776421198837
-1.7093797973720712,-1.0972178572375844
-1.6993797973720712,-1.0832569345072116
-1.6893797973720712,-1.0704022154530632
-1.6793797973720712,-1.058656894516772
-1.6693797973720712,-1.0480201822164443
-1.6593797973720712,-1.0384875536597495
-1.6493797973720712,-1.0300508406043063
-1.6393797973720712,-1.0226984993921397
-1.6293797973720712,-1.016415796985363
-1.6193797973720712,-1.011185021024466
-1.6093797973720712,-1.0069856950184988
-1.5993797973720711,-1.003794798004986
-1.5893797973720711,-1.0015869879310575
-1.5793797973720711,-1.0003348279333946
-1.5693797973720711,-1.000009014633249
-1.559379797372071,-1.0005786075140413
-1.549379797372071,-1.0020112584129144
-1.539379797372071,-1.0042734401340645
-1.529379797372071,-1.0073306731803824
-1.519379797372071,-1.0111477496008894
-1.509379797372071,-1.0156889529640396
-1.499379797372071,-1.0209182734909683
-1.489379797372071,-1.026799617417436
-1.479379797372071,-1.03329700969809
-1.469379797372071,-1.0403747892208521
-1.459379797372071,-1.047997795761998
-1.449379797372071,-1.056131547982888
-1.439379797372071,-1.0647424118463313
-1.429379797372071,-1.0737977589132313
-1.419379797372071,-1.0832661140672923
-1.409379797372071,-1.0931172923061285
-1.399379797372071,-1.1033225243299054
-1.389379797372071,-1.113854570752519
-1.379379797372071,-1.1246878248541732
-1.369379797372071,-1.1357984038869198
-1.359379797372071,-1.1471642290351975
-1.349379797372071,-1.158765094220734
-1.339379797372071,-1.1705827240242677
-1.329379797372071,-1.1826008210747578
-1.319379797372071,-1.19480510332912
-1.3093797973720709,-1.2071833317315939
-1.2993797973720709,-1.2197253288009215
-1.2893797973720709,-1.2324229887452578
-1.2793797973720709,-1.245270279748805
-1.2693797973720709,-1.258263239110319
-1.2593797973720708,-1.2713999619418674
-1.2493797973720708,-1.284680584156455
-1.2393797973720708,-1.2981072604855415
-1.2293797973720708,-1.3116841382722344
-1.2193797973720708,-1.3254173277833592
-1.2093797973720708,-1.339314869773983
-1.1993797973720708,-1.353386701021808
-1.1893797973720708,-1.367644618526502
-1.1793797973720708,-1.3821022430410899
-1.1693797973720708,-1.3967749825694122
-1.1593797973720708,-1.4116799964259725
-1.1493797973720707,-1.4268361604126791
-1.1393797973720707,-1.4422640336215686
-1.1293797973720707,-1.4579858115384947
-1.1193797973720707,-1.4740253618039145
-1.1093797973720707,-1.4904080999350262
-1.0993797973720707,-1.507161033766823
-1.0893797973720707,-1.5243127271053845
-1.0793797973720707,-1.5418932840882564
-1.0693797973720707,-1.5599343372458416
-1.0593797973720707,-1.5784690393247756
-1.0493797973720707,-1.5975320588705064
-1.0393797973720706,-1.6171595795006093
-1.0293797973720706,-1.6373893027324458
-1.0193797973720706,-1.658260454158118
-1.0093797973720706,-1.6798137926856405
-0.9993797973720706,-1.702091622487118
-0.9893797973720706,-1.7251378072114743
-0.9793797973720706,-1.7489977859297863
-0.9693797973720706,-1.7737185901842527
-0.9593797973720706,-1.7993488614055426
-0.9493797973720706,-1.8259388678459418
-0.9393797973720706,-1.8535405200451143
-0.9293797973720705,-1.8822073836987938
-0.9193797973720705,-1.9119946886354104
-0.9093797973720705,-1.9429593324178867
-0.8993797973720705,-1.97515987687361
-0.8893797973720705,-2.0086565356099486
-0.8793797973720705,-2.0435111502901226
-0.8693797973720705,-2.079787153117832
-0.8593797973720705,-2.1175495126011463
-0.8493797973720705,-2.156864659227458
-0.8393797973720705,-2.197800387170362
-0.8293797973720705,-2.2404257275538355
-0.8193797973720705,-2.284810788102577
-0.8093797973720704,-2.3310265531920105
-0.7993797973720704,-2.3791446373546465
-0.7893797973720704,-2.4292369841748873
-0.7793797973720704,-2.4813755011799197
-0.7693797973720704,-2.5356316197721753
-0.7593797973720704,-2.592075767402183
-0.7493797973720704,-2.6507767369946165
-0.7393797973720704,-2.7118009360469384
-0.7293797973720704,-2.775211494737903
-0.7193797973720704,-2.841067208713266
-0.7093797973720704,-2.9094212878371595
-0.6993797973720703,-2.9803198769625903
-0.6893797973720703,-3.0538003085029337
-0.6793797973720703,-3.1298890390566863
-0.6693797973720703,-3.2085992774626417
-0.6593797973720703,-3.2899278450140668
-0.6493797973720703,-3.3738521822993026
-0.6393797973720703,-3.4603260558123528
-0.6293797973720703,-3.5492748779502388
-0.6193797973720703,-3.6405900811610525
-0.6093797973720703,-3.734122448449721
-0.5993797973720703,-3.8296741959884852
-0.5893797973720702,-3.926989560186928
-0.5793797973720702,-4.0257435881603865
-0.5693797973720702,-4.125528764584974
-0.5593797973720702,-4.22583902624906
-0.5493797973720702,-4.326050614131199
-0.5393797973720702,-4.425399086334609
-0.5293797973720702,-4.522951656976655
-0.5193797973720702,-4.617573827503165
-0.5093797973720702,-4.70788902663202
-0.49937979737207017,-4.792229658588568
-0.48937979737207016,-4.868577557321444
-0.47937979737207015,-4.934491331788442
-0.46937979737207014,-4.98701743089646
-0.45937979737207013,-5.022580912051236
-0.4493797973720701,-5.036850805480691
-0.4393797973720701,-5.024573548248175
-0.4293797973720701,-4.979366110058717
-0.4193797973720701,-4.89345800200838
-0.4093797973720701,-4.757368150220455
-0.3993797973720701,-4.559498354674346
-0.38937979737207007,-4.285619359291539
-0.37937979737207006,-3.918217901476755
-0.36937979737207005,-3.4356627403780684
-0.35937979737207004,-2.811133522558309
-0.34937979737207003,-2.011236913882815
-0.33937979737207,-0.9942075159649805
-0.32937979737207,0.2924464991714446
-0.31937979737207,1.9150460624314043
-0.30937979737207,3.957860542897495
-0.29937979737207,6.52862031192074
-0.28937979737207,9.765954657868624
-0.27937979737206997,13.849528707510723
-0.26937979737206996,19.013963084756984
-0.25937979737206995,25.56819040059669
-0.24937979737206994,33.922635148235074
-0.23937979737206994,44.62785503889479
-0.22937979737206993,58.430187975000024
-0.21937979737206992,76.35301809200676
-0.2093797973720699,99.81727464653585
-0.1993797973720699,130.82309336890947
-0.1893797973720699,172.22870538978327
-0.17937979737206988,228.1872287574707
-0.16937979737206987,304.8460254876329
-0.15937979737206986,411.4942293346361
-0.14937979737206986,562.4978756123035
-0.13937979737206985,780.6651344019488
-0.12937979737206984,1103.3059816382126
-0.11937979737206984,1593.5865826094368
-0.10937979737206985,2362.8039978058864
-0.09937979737206985,3616.488437349763
-0.08937979737206986,5756.064020316051
-0.07937979737206986,9620.780024306705
-0.06937979737206987,17119.966136167644
-0.059379797372069866,33092.384573321615
-0.049379797372069864,71686.0907340415
-0.03937979737206986,183408.69453175
-0.02937979737206986,612008.9125092915
-0.019379797372069858,3338654.5548030077
-0.009379797372069858,6.2776910274985805E7
6.202026279301422E-4,-8674.61268042579
0.010620202627930142,-2021.7028934936554
0.020620202627930143,-1259.2437886811208
0.030620202627930145,-912.2924851306551
0.040620202627930146,-707.9235754735719
0.05062020262793015,-571.8111595215536
0.06062020262793015,-474.2907501347133
0.07062020262793015,-400.9309262269803
0.08062020262793014,-343.7847127785631
0.09062020262793014,-298.081504366929
0.10062020262793013,-260.7714275294866
0.11062020262793013,-229.80666383928926
0.12062020262793012,-203.75779276691858
0.13062020262793012,-181.59536347949555
0.14062020262793012,-162.5581285073577
0.15062020262793013,-146.07085564478314
0.16062020262793014,-131.68990440463716
0.17062020262793015,-119.06800821812026
0.18062020262793016,-107.92924014776628
0.19062020262793017,-98.05156346310623
0.20062020262793018,-89.25449195540101
0.2106202026279302,-81.38913438386702
0.2206202026279302,-74.33244466786563
0.2306202026279302,-67.9816059819249
0.2406202026279302,-62.24942229933563
0.2506202026279302,-57.06261846323742
0.26062020262793023,-52.35796472226042
0.27062020262793024,-48.08187266573601
0.28062020262793025,-44.18753749210877
0.29062020262793026,-40.63445683589111
0.30062020262793027,-37.38772757277287
0.3106202026279303,-34.41637909560944
0.3206202026279303,-31.693249657535482
0.3306202026279303,-29.194783998986534
0.3406202026279303,-26.899708800468066
0.3506202026279303,-24.789306842819258
0.3606202026279303,-22.846913377317563
0.37062020262793033,-21.0575767057401
0.38062020262793034,-19.408144121622797
0.39062020262793035,-17.886555291183953
0.40062020262793036,-16.48205570442932
0.41062020262793036,-15.184946899401407
0.4206202026279304,-13.986399590766847
0.4306202026279304,-12.878625125231482
0.4406202026279304,-11.854330968986508
0.4506202026279304,-10.906972090146308
0.4606202026279304,-10.03058796942253
0.4706202026279304,-9.219741339890213
0.4806202026279304,-8.469464343668799
0.49062020262793044,-7.775166895553913
0.5006202026279304,-7.132784577936883
0.5106202026279304,-6.5384335687326605
0.5206202026279304,-5.988602101401492
0.5306202026279304,-5.4800589036143865
0.5406202026279304,-5.0098271936968315
0.5506202026279304,-4.57516145175917
0.5606202026279304,-4.173526630871564
0.5706202026279305,-3.802579518446345
0.5806202026279305,-3.460124346152594
0.5906202026279305,-3.1442162560573705
0.6006202026279305,-2.8529558627940146
0.6106202026279305,-2.5846163401844846
0.6206202026279305,-2.337593854710101
0.6306202026279305,-2.1103975780042057
0.6406202026279305,-1.9016406266702546
0.6506202026279305,-1.7100318324361434
0.6606202026279305,-1.5343682568891444
0.6706202026279305,-1.3735283748505702
0.6806202026279305,-1.2264658590383113
0.6906202026279306,-1.0922039061934998
0.7006202026279306,-0.9698178092344801
0.7106202026279306,-0.8584828837317204
0.7206202026279306,-0.757384502953587
0.7306202026279306,-0.6657765897712178
0.7406202026279306,-0.5829605986475949
0.7506202026279306,-0.5082821708543364
0.7606202026279306,-0.44112805550141215
0.7706202026279306,-0.38092327277006693
0.7806202026279306,-0.3271284980454662
0.7906202026279306,-0.2792376477078002
0.8006202026279307,-0.23677564918623517
0.8106202026279307,-0.19929637953372317
0.8206202026279307,-0.1663807582636115
0.8306202026279307,-0.1376349815201861
0.8406202026279307,-0.11268509431817228
0.8506202026279307,-0.09119211316848048
0.8606202026279307,-0.07282291817618235
0.8706202026279307,-0.05726976484190083
0.8806202026279307,-0.04424305030144708
0.8906202026279307,-0.03347019626717824
0.9006202026279307,-0.02469460753578668
0.9106202026279308,-0.01767470049367322
0.9206202026279308,-0.01218299649326237
0.9306202026279308,-0.008005275378278519
0.9406202026279308,-0.004939784806503855
0.9506202026279308,-0.0027965013579510606
0.9606202026279308,-0.0013964397274787768
0.9706202026279308,-5.710065861686928E-4
0.9806202026279308,-1.6138050639000702E-4
0.9906202026279308,-1.8022794865859447E-5
1.0006202026279307,5.1323214328021515E-9
1.0106202026279307,2.538722749380463E-5
1.0206202026279307,1.8307612237089869E-4
1.0306202026279307,5.908045243617465E-4
1.0406202026279308,0.0013593108286535133
1.0506202026279308,0.0025929106497144198
1.0606202026279308,0.004389763126021578
1.0706202026279308,0.006842229000878636
1.0806202026279308,0.010037189182415822
1.0906202026279308,0.01405634420190016
1.1006202026279308,0.018976495826475096
1.1106202026279308,0.024869811993030295
1.1206202026279308,0.031804076147306154
1.1306202026279308,0.03984292199600868
1.1406202026279308,0.04904605460914347
1.1506202026279309,0.05946945874450969
1.1606202026279309,0.07116559520589931
1.1706202026279309,0.08418358599064207
1.1806202026279309,0.09856938893035881
1.190620202627931,0.11436988681153384
1.200620202627931,0.13161886096290376
1.210620202627931,0.15035659423115458
1.220620202627931,0.17061804781733272
1.230620202627931,0.19243577102088066
1.240620202627931,0.21584002631667926
1.250620202627931,0.2408589076687783
1.260620202627931,0.2675184524794055
1.270620202627931,0.2958427475459939
1.280620202627931,0.32585402937494184
1.290620202627931,0.35757277917851576
1.300620202627931,0.3910178128605622
1.310620202627931,0.42620636627741315
1.320620202627931,0.46315417604240894
1.330620202627931,0.5018755561257544
1.340620202627931,0.5423834704858493
1.350620202627931,0.5846896019537343
1.360620202627931,0.6288044175787426
1.370620202627931,0.6747372306308362
1.380620202627931,0.7224962594433146
1.390620202627931,0.7720886832685775
1.400620202627931,0.823520695309343
1.410620202627931,0.8767975530781039
1.420620202627931,0.9319236262286178
1.430620202627931,0.9889024419948236
1.4406202026279311,1.0477367283646837
1.4506202026279311,1.108446609244526
1.4606202026279311,1.1710002138561972
1.4706202026279311,1.2354135349825133
1.4806202026279311,1.3016865451008373
1.4906202026279312,1.369818607318912
1.5006202026279312,1.4398085074246219
1.5106202026279312,1.511654484379241
1.5206202026279312,1.5853542593337304
1.5306202026279312,1.660905063243205
1.5406202026279312,1.7383036631505613
1.5506202026279312,1.8175463872063717
1.5606202026279312,1.89862914848847
1.5706202026279312,1.9815474676812297
1.5806202026279312,2.066296494671269
1.5906202026279312,2.1528710291133164
1.6006202026279313,2.241265540017039
1.6106202026279313,2.3314741844029845
1.6206202026279313,2.423490825073209
1.6306202026279313,2.5173090475397872
1.6406202026279313,2.6129221761521126
1.6506202026279313,2.7103232894617864
1.6606202026279313,2.809505234861844
1.6706202026279313,2.910460642535259
1.6806202026279313,3.0131819387457157
1.6906202026279313,3.117661358502136
1.7006202026279313,3.2238909576266535
1.7106202026279314,3.3318626242544243
1.7206202026279314,3.4415680897920367
1.7306202026279314,3.552998939360078
1.7406202026279314,3.6661466217440535
1.7506202026279314,3.7810402387428383
1.7606202026279314,3.897599688328417
1.7706202026279314,4.015849988664064
1.7806202026279314,4.135782162857402
1.7906202026279314,4.257387142363767
1.8006202026279314,4.380655774476509
1.8106202026279314,4.50557882946454
1.8206202026279314,4.632147007373138
1.8306202026279315,4.76035094450348
1.8406202026279315,4.890181219585468
1.8506202026279315,5.021628359657795
1.8606202026279315,5.154682845668485
1.8706202026279315,5.289335117808571
1.8806202026279315,5.425575580590957
1.8906202026279315,5.563394607685832
1.9006202026279315,5.702782546523656
1.9106202026279315,5.843729722676131
1.9206202026279315,5.986226444025033
1.9306202026279315,6.1302630047283575
1.9406202026279316,6.27582968899288
1.9506202026279316,6.422916774661716
1.9606202026279316,6.571514536625043
1.9706202026279316,6.721613250061898
1.9806202026279316,6.873203193520445
1.9906202026279316,7.026274651843936
2.0006202026279314,7.180817918949153
2.010620202627931,7.336823300463806
2.020620202627931,7.494281116229095
2.0306202026279307,7.653181702673464
2.0406202026279305,7.813515415063093
2.0506202026279303,7.9752726296346195
2.06062020262793,8.138443745615177
2.07062020262793,8.303019187134883
2.0806202026279297,8.469051788648288
2.0906202026279295,8.636412371612217
2.1006202026279293,8.805149068241294
2.110620202627929,8.975252438241817
2.120620202627929,9.146713075054716
2.1306202026279286,9.319521607228804
2.1406202026279284,9.493668699715304
2.150620202627928,9.669145055086918
2.160620202627928,9.845941414684825
2.1706202026279278,10.024048559696789
2.1806202026279276,10.203457312169286
2.1906202026279273,10.384158535956562
2.200620202627927,10.566143137609505
2.210620202627927,10.74940206720673
2.2206202026279267,10.93392631913066
2.2306202026279265,11.119706932790805
2.2406202026279263,11.306734993296747
2.250620202627926,11.495001632082857
2.260620202627926,11.684498027487027
2.2706202026279256,11.875215405285283
2.2806202026279254,12.067145039184542
2.290620202627925,12.260278251274856
2.300620202627925,12.454606412443503
2.310620202627925,12.650120942752167
2.3206202026279246,12.846813311779222
2.3306202026279244,13.0446750389283
2.340620202627924,13.243697693705052
2.350620202627924,13.443872895963246
2.3606202026279237,13.645192316121694
2.3706202026279235,13.847647675353302
2.3806202026279233,14.051230745747663
2.390620202627923,14.255933350448066
2.400620202627923,14.461747363764424
2.4106202026279226,14.66866471126315
2.4206202026279224,14.876762307903315
2.430620202627922,15.08586778787911
2.440620202627922,15.296052982380825
2.450620202627922,15.507310035094754
2.4606202026279216,15.719631141486204
2.4706202026279214,15.933008548777638
2.480620202627921,16.14743455591052
2.490620202627921,16.362901513491142
2.5006202026279207,16.57940182372166
2.5106202026279205,16.79692794031676
2.5206202026279203,17.01547236840688
2.53062020262792,17.2350276644285
2.54062020262792,17.455586436002186
2.5506202026279197,17.67714134179903
2.5606202026279195,17.89968509139603
2.5706202026279192,18.123210445121074
2.580620202627919,18.34771021388795
2.590620202627919,18.573177259021968
2.6006202026279186,18.799604492076643
2.6106202026279184,19.02698487464205
2.620620202627918,19.255311418145105
2.630620202627918,19.48457718364243
2.6406202026279177,19.714775281606002
2.6506202026279175,19.945898871702184
2.6606202026279173,20.177941162564466
2.670620202627917,20.410895411560137
2.680620202627917,20.64475492455153
2.6906202026279167,20.879513055651927
2.7006202026279165,21.115163206976554
2.7106202026279163,21.35169882838907
2.720620202627916,21.589113417243606
2.730620202627916,21.827400518122865
2.7406202026279156,22.066553722572593
2.7506202026279154,22.306566668832296
2.760620202627915,22.547433041563075
2.770620202627915,22.789253053135845
2.7806202026279148,23.031813179023267
2.7906202026279145,23.275208312807617
2.8006202026279143,23.51943233091561
2.810620202627914,23.76447915501472
2.820620202627914,24.010342751729
2.8306202026279137,24.257017132353255
2.8406202026279135,24.504496352565443
2.8506202026279133,24.752774512137833
2.860620202627913,25.00184575464673
2.870620202627913,25.251704267181427
2.8806202026279126,25.502344280051787
2.8906202026279124,25.753760066495524
2.900620202627912,26.00594594238432
2.910620202627912,26.25889626592972
2.9206202026279118,26.512605437388704
2.9306202026279116,26.767067898768634
2.9406202026279114,27.022278133532236
2.950620202627911,27.278230666302523
2.960620202627911,27.534920062567746
2.9706202026279107,27.7923409283863
2.9806202026279105,28.050487910092276
2.9906202026279103,28.309355694000633
3.00062020262791,28.568939006113638
3.01062020262791,28.82923261182711
3.0206202026279096,29.090231315637443
3.0306202026279094,29.35192996084938
3.040620202627909,29.614323429284333
3.050620202627909,29.87740664098954
3.060620202627909,30.141174553948087
3.0706202026279086,30.405622163789676
3.0806202026279084,30.67074450350258
3.090620202627908,30.936536643146432
3.100620202627908,31.20299368956611
3.1106202026279077,31.47011078610659
3.1206202026279075,31.73788311232951
3.1306202026279073,32.00643408986308
3.140620202627907,32.27550833493424
3.150620202627907,32.545223780487746
3.1606202026279067,32.815575754619765
3.1706202026279064,33.086559620378324
3.1806202026279062,33.35817077548878
3.190620202627906,33.63040465208048
3.200620202627906,33.90325671641456
3.2106202026279056,34.17672246861406
3.2206202026279054,34.45079744239427
3.230620202627905,34.725477204795766
3.240620202627905,35.000757355918246
3.2506202026279047,35.27663352865589
3.2606202026279045,35.553101388435
3.2706202026279043,35.83015663295225
3.280620202627904,36.1077949919153
3.290620202627904,36.38601222678443
3.3006202026279037,36.66480413051637
3.3106202026279035,36.94416652730936
3.3206202026279033,37.224095272349814
3.330620202627903,37.50458625156105
3.340620202627903,37.78563538135338
3.3506202026279026,38.06723860837573
3.3606202026279024,38.3493919092693
3.370620202627902,38.63209129042293
3.380620202627902,38.91533278772954
3.3906202026279018,39.19911246634497
3.4006202026279015,39.483426420448474
3.4106202026279013,39.7682707730042
3.420620202627901,40.053641675525284
3.430620202627901,40.33953530783917
3.4406202026279007,40.62594787785453
3.4506202026279005,40.9128756213304
3.4606202026279003,41.20031480164636
3.4706202026279,41.48826170957519
3.4806202026279,41.77685249746177
3.4906202026278996,42.06580935576098
3.5006202026278994,42.35526315794969
3.510620202627899,42.64521030686958
3.520620202627899,42.9356472317289
3.5306202026278988,43.226570387886085
3.5406202026278986,43.51797625663415
3.5506202026278983,43.80986134498726
3.560620202627898,44.1022221854697
3.570620202627898,44.39505533590488
3.5806202026278977,44.68835737920724
3.5906202026278975,44.98212492317591
3.6006202026278973,45.27635460028895
3.610620202627897,45.57104306750024
3.620620202627897,45.86618700603757
3.6306202026278966,46.1617831212024
3.6406202026278964,46.4578281421714
3.650620202627896,46.75431882179916
3.660620202627896,47.05125193642349
3.670620202627896,47.34862428567071
3.6806202026278956,47.646432692264455
3.6906202026278954,47.94467400183431
3.700620202627895,48.243345082727274
3.710620202627895,48.54244282582013
3.7206202026278947,48.84196414433363
3.7306202026278945,49.14190597364819
3.7406202026278943,49.44226527112066
3.750620202627894,49.74303901590375
3.760620202627894,50.0442242087657
3.7706202026278937,50.34581787191258
3.7806202026278934,50.64781704881083
3.7906202026278932,50.95021880401258
3.800620202627893,51.253020222981796
3.810620202627893,51.556218411921826
3.8206202026278926,51.85981049760455
3.8306202026278924,52.16379362720124
3.840620202627892,52.46816496811439
3.850620202627892,52.7730804025963
3.8606202026278917,53.078225258854744
3.8706202026278915,53.38375010827208
3.8806202026278913,53.68965220118607
3.890620202627891,53.995928807405924
3.900620202627891,54.30257721605342
3.9106202026278907,54.60959473540481
3.9206202026278905,54.91697869273505
3.9306202026278902,55.224726434162136
3.94062020262789,55.53283532449407
3.95062020262789,55.84130274707615
3.9606202026278896,56.15012610364004
3.9706202026278894,56.45930281415403
3.980620202627889,56.76883031667507
3.990620202627889,57.0787060672007
4.000620202627889,57.38892753952421
4.010620202627889,57.69949222508931
4.020620202627889,58.01039763284715
4.030620202627889,58.3216412891143
4.040620202627888,58.63322073743183
4.050620202627888,58.94513353842539
4.060620202627888,59.25737726966725
4.070620202627888,59.569949525538945
4.0806202026278875,59.88284791709498
4.090620202627887,60.1960700719284
4.100620202627887,60.50961363403717
4.110620202627887,60.823476263691155
4.120620202627887,61.13765563730135
4.130620202627886,61.45214944728962
4.140620202627886,61.766955401959336
4.150620202627886,62.08207122536773
4.160620202627886,62.397494657199104
4.170620202627886,62.71322345263886
4.180620202627885,63.02925538224932
4.190620202627885,63.34558823184583
4.200620202627885,63.662219802374686
4.210620202627885,63.97931691909594
4.2206202026278845,64.2965446676426
4.230620202627884,64.61406476701805
4.240620202627884,64.93187508031367
4.250620202627884,65.2499734851957
4.260620202627884,65.56835787378952
4.270620202627883,65.88702615256464
4.280620202627883,66.2059762422209
4.290620202627883,66.52520607757552
4.300620202627883,66.84471360745106
4.310620202627883,67.16449679456508
4.320620202627882,67.48455361541932
4.330620202627882,67.80488206019159
4.340620202627882,68.12548013262699
4.350620202627882,68.44634584993118
4.3606202026278815,68.76747724266431
4.370620202627881,69.08887235463584
4.380620202627881,69.41052924279944
4.390620202627881,69.73244597715046
4.400620202627881,70.05462064062336
4.4106202026278805,70.37705132898938
4.42062020262788,70.6997361507566
4.43062020262788,71.0226732270697
4.44062020262788,71.34586069161074
4.45062020262788,71.66929669050164
4.460620202627879,71.9929793822064
4.470620202627879,72.31690693743487
4.480620202627879,72.64107753904686
4.490620202627879,72.9654893819581
4.5006202026278785,73.29014067304537
4.510620202627878,73.61502963105406
4.520620202627878,73.94015448650521
4.530620202627878,74.26551348160508
4.540620202627878,74.59110487015289
4.5506202026278775,74.9169269174523
4.560620202627877,75.24297790022106
4.570620202627877,75.56943304271142
4.580620202627877,75.89594178766725
4.590620202627877,76.22267448464052
4.600620202627876,76.5496294573469
4.610620202627876,76.87680504051099
4.620620202627876,77.20419957978176
4.630620202627876,77.53181143164842
4.640620202627876,77.85963896335856
4.650620202627875,78.18768055283437
4.660620202627875,78.51593458859186
4.670620202627875,78.84439946965983
4.680620202627875,79.17307360549937
4.6906202026278745,79.50195541592471
4.700620202627874,79.83104333102406
4.710620202627874,80.1603357910814
4.720620202627874,80.48983124649925
4.730620202627874,80.81952815772162
4.740620202627873,81.14942499515783
4.750620202627873,81.4795202391068
4.760620202627873,81.80981237968244
4.770620202627873,82.14029991673951
4.780620202627873,82.47098135979911
4.790620202627872,82.80185522797689
4.800620202627872,83.13292004990981
4.810620202627872,83.46417436368473
4.820620202627872,83.79561671676703
4.8306202026278715,84.12724566593019
4.840620202627871,84.4590597771859
4.850620202627871,84.79105762571466
4.860620202627871,85.12323779579671
4.870620202627871,85.45559888074428
4.88062020262787,85.78813948283354
4.89062020262787,86.120858213238
4.90062020262787,86.45375369196164
4.91062020262787,86.78682454777311
4.92062020262787,87.1200694181405
4.930620202627869,87.45348694916623
4.940620202627869,87.78726353944904
4.950620202627869,88.12102722270352
4.960620202627869,88.45495966106203
4.9706202026278685,88.78905953631114
4.980620202627868,89.12332553857729
4.990620202627868,89.45775636626463
5.000620202627868,89.79235072599424
5.010620202627868,90.12710733254347
5.0206202026278675,90.46202490878635
5.030620202627867,90.79710218563345
5.040620202627867,91.13233790197364
5.050620202627867,91.46773080461514
5.060620202627867,91.80327964822717
5.070620202627866,92.13898319528369
5.080620202627866,92.4748402160043
5.090620202627866,92.81084948829985
5.100620202627866,93.14700979771447
5.1106202026278655,93.4833199373715
5.120620202627865,93.819778707917
5.130620202627865,94.1563849174656
5.140620202627865,94.4931373815465
5.150620202627865,94.830034923049
5.1606202026278645,95.16707637216938
5.170620202627864,95.50426056635813
5.180620202627864,95.84158635026701
5.190620202627864,96.17905257569785
5.200620202627864,96.51665810154933
5.210620202627863,96.85440179376764
5.220620202627863,97.19228252529383
5.230620202627863,97.53029917601482
5.240620202627863,97.8684506327129
5.2506202026278626,98.20673578901571
5.260620202627862,98.54515354534794
5.270620202627862,98.88370280888178
5.280620202627862,99.22238249348885
5.290620202627862,99.56119151969254
5.3006202026278615,99.900320882962
5.310620202627861,100.23938997134665
5.320620202627861,100.57858529394287
5.330620202627861,100.91790579884452
5.340620202627861,101.2573504405781
5.35062020262786,101.59691818005741
5.36062020262786,101.9366079845382
5.37062020262786,102.27641882757321
5.38062020262786,102.61634968896819
5.39062020262786,102.95639955473655
5.400620202627859,103.29656741705682
5.410620202627859,103.63685227422867
5.420620202627859,103.97725313062949
5.430620202627859,104.31776899667217
5.4406202026278585,104.65839888876197
5.450620202627858,104.99914182925535
5.460620202627858,105.3399968464176
5.470620202627858,105.68096297438157
5.480620202627858,106.02203925310641
5.490620202627857,106.36322472833744
5.500620202627857,106.70451845156451
5.510620202627857,107.04591947998344
5.520620202627857,107.38742687645495
5.530620202627857,107.72903970946578
5.540620202627856,108.07075705308952
5.550620202627856,108.41257798694758
5.560620202627856,108.75450159617071
5.570620202627856,109.09652697136073
5.5806202026278555,109.4386532085528
5.590620202627855,109.78087940917742
5.600620202627855,110.12320468002318
5.610620202627855,110.46562813320031
5.620620202627855,110.80814888610293
5.6306202026278545,111.15076606137342
5.640620202627854,111.49347878686554
5.650620202627854,111.8362861956094
5.660620202627854,112.17918742577486
5.670620202627854,112.52238119867805
5.680620202627853,112.86547192419918
5.690620202627853,113.20865399773155
5.700620202627853,113.55192657883843
5.710620202627853,113.8952888320616
5.7206202026278525,114.23873992688668
5.730620202627852,114.58227903770963
5.740620202627852,114.92590534380395
5.750620202627852,115.26961802928673
5.760620202627852,115.61341628308624
5.7706202026278515,115.95729929890933
5.780620202627851,116.30126627520848
5.790620202627851,116.64531641515069
5.800620202627851,116.98944892658439
5.810620202627851,117.33366302200865
5.82062020262785,117.6779579185418
5.83062020262785,118.02233283788989
5.84062020262785,118.36678700631518
5.85062020262785,118.71131965460758
5.8606202026278496,119.05593001805147
5.870620202627849,119.40061733639799
5.880620202627849,119.74538085383311
5.890620202627849,120.09021981894917
5.900620202627849,120.43513348471434
5.9106202026278485,120.78012110844485
5.920620202627848,121.12518195177397
5.930620202627848,121.47031528062477
5.940620202627848,121.8155203651807
5.950620202627848,122.1607964798572
5.960620202627847,122.50614290327398
5.970620202627847,122.85155891822654
5.980620202627847,123.19704381165849
5.990620202627847,123.54259687463413
6.000620202627847,123.88821740231121
6.010620202627846,124.23390469391362
6.020620202627846,124.57965805270432
6.030620202627846,124.92547678595889
6.040620202627846,125.27156597807046
6.0506202026278455,125.61751763975901
6.060620202627845,125.96353269447548
6.070620202627845,126.30961046626534
6.080620202627845,126.65575028306503
6.090620202627845,127.00195147667641
6.100620202627844,127.34821338274124
6.110620202627844,127.69453534071567
6.120620202627844,128.04091669384687
6.130620202627844,128.38735678914674
6.140620202627844,128.73385497736754
6.150620202627843,129.08041061297777
6.160620202627843,129.4270230541387
6.170620202627843,129.7736916626782
6.180620202627843,130.12041580406975
6.1906202026278425,130.46719484740618
6.200620202627842,130.81402816537795
6.210620202627842,131.1609151342485
6.220620202627842,131.50785513383218
6.230620202627842,131.85484754747083
6.2406202026278415,132.20189176201063
6.250620202627841,132.54898716777993
6.260620202627841,132.89613315856636
6.270620202627841,133.24332913159515
6.280620202627841,133.5905744875064
6.29062020262784,133.93786863033313
6.30062020262784,134.28521096747966
6.31062020262784,134.6326009096999
6.32062020262784,134.9800378710757
6.3306202026278395,135.3275212689959
6.340620202627839,135.67505052413435
6.350620202627839,136.02262506042985
6.360620202627839,136.37024430506426
6.370620202627839,136.71790768844284
6.3806202026278385,137.0656146441722
6.390620202627838,137.41336460904213
6.400620202627838,137.76115702300226
6.410620202627838,138.1092021956879
6.420620202627838,138.45708190806403
6.430620202627837,138.80500247357364
6.440620202627837,139.15296334543748
6.450620202627837,139.5009639799456
6.460620202627837,139.8490038364388
6.4706202026278365,140.19708237728784
6.480620202627836,140.5451990678751
6.490620202627836,140.89335337657548
6.500620202627836,141.2415447747382
6.510620202627836,141.5897727366666
6.5206202026278355,141.9380367396013
6.530620202627835,142.28633626370046
6.540620202627835,142.63467079202204
6.550620202627835,142.98303981050515
6.560620202627835,143.33144280795267
6.570620202627834,143.67987927601328
6.580620202627834,144.02834870916251
6.590620202627834,144.37685060468687
6.600620202627834,144.72538446266458
6.610620202627834,145.07394978594968
6.620620202627833,145.42254608015347
6.630620202627833,145.77117285362783
6.640620202627833,146.1198296174485
6.650620202627833,146.46851588539752
6.6606202026278325,146.8172311739471
6.670620202627832,147.16597500224213
6.680620202627832,147.51474689208428
6.690620202627832,147.86354636791538
6.700620202627832,148.2123729568008
6.710620202627831,148.56122618841314
6.720620202627831,148.9101055950172
6.730620202627831,149.2590107114525
6.740620202627831,149.60794107511774
6.750620202627831,149.9568962259564
6.76062020262783,150.30587570643928
6.77062020262783,150.65487906154937
6.78062020262783,151.00412087368645
6.79062020262783,151.35317452151236
6.8006202026278295,151.70225075274055
6.810620202627829,152.05134912294838
6.820620202627829,152.4004691901539
6.830620202627829,152.74961051480264
6.840620202627829,153.09877265975223
6.8506202026278284,153.44795519025863
6.860620202627828,153.79715767395933
6.870620202627828,154.14637968086095
6.880620202627828,154.49562078332454
6.890620202627828,154.8448805560501
6.900620202627827,155.19415857606393
6.910620202627827,155.5434544227032
6.920620202627827,155.8927676776027
6.930620202627827,156.24209792468085
6.9406202026278265,156.59144475012528
6.950620202627826,156.9408077423804
6.960620202627826,157.29018649213293
6.970620202627826,157.63958059229748
6.980620202627826,157.98898963800528
6.9906202026278255,158.3384132265891
7.000620202627825,158.6878509575699
7.010620202627825,159.0373024326457
7.020620202627825,159.38676725567632
7.030620202627825,159.73624503267084
7.040620202627824,160.08573537177548
7.050620202627824,160.43523788326067
7.060620202627824,160.7847521795071
7.070620202627824,161.13427787499498
7.0806202026278235,161.48381458629
7.090620202627823,161.8333619320315
7.100620202627823,162.18291953291944
7.110620202627823,162.53248701170392
7.120620202627823,162.88206399317045
7.1306202026278225,163.23165010412956
7.140620202627822,163.58124497340415
7.150620202627822,163.9310666564058
7.160620202627822,164.28068167222915
7.170620202627822,164.630304398014
7.180620202627821,164.97993447110707
7.190620202627821,165.32957153081344
7.200620202627821,165.67921521838494
7.210620202627821,166.02886517700665
7.220620202627821,166.37852105178925
7.23062020262782,166.72818248975386
7.24062020262782,167.07784913982334
7.25062020262782,167.42752065280982
7.26062020262782,167.77719668140446
7.2706202026278195,168.12687688016592
7.280620202627819,168.47656090550888
7.290620202627819,168.8262484156943
7.300620202627819,169.1759390708178
7.310620202627819,169.52563253279985
7.320620202627818,169.87532846537326
7.330620202627818,170.22502653407435
7.340620202627818,170.57472640623214
7.350620202627818,170.92442775095677
7.360620202627818,171.27413023913064
7.370620202627817,171.62383354339713
7.380620202627817,171.97353733814987
7.390620202627817,172.3232412995244
7.400620202627817,172.67294510538585
7.4106202026278165,173.0226484353211
7.420620202627816,173.372350970626
7.430620202627816,173.72205239429894
7.440620202627816,174.07175239102682
7.450620202627816,174.4214506471803
7.4606202026278154,174.77114685079886
7.470620202627815,175.12084069158476
7.480620202627815,175.47053186089278
7.490620202627815,175.82022005171882
7.500620202627815,176.16990495869263
7.510620202627814,176.5195862780671
7.520620202627814,176.86948486457575
7.530620202627814,177.2191616834361
7.540620202627814,177.5688340613555
7.5506202026278135,177.91850170149763
7.560620202627813,178.2681643086053
7.570620202627813,178.61782158899481
7.580620202627813,178.96747325054514
7.590620202627813,179.31711900268925
7.6006202026278125,179.66675855640548
7.610620202627812,180.01639162420742
7.620620202627812,180.36601792013786
7.630620202627812,180.71563715975785
7.640620202627812,181.06524906013877
7.650620202627811,181.4148533398528
7.660620202627811,181.7644497189672
7.670620202627811,182.11403791903163
7.680620202627811,182.46361766307348
7.6906202026278105,182.81318867558733
7.70062020262781,183.16275068252736
7.71062020262781,183.5123034112996
7.72062020262781,183.86184659075198
7.73062020262781,184.2113799511687
7.7406202026278095,184.56090322425928
7.750620202627809,184.91041614315245
7.760620202627809,185.25991844238874
7.770620202627809,185.6094098579094
7.780620202627809,185.9588901270522
7.790620202627808,186.30835898854122
7.800620202627808,186.65781618247934
7.810620202627808,187.00726145034176
7.820620202627808,187.3566945349661
7.830620202627808,187.7061151805472
7.840620202627807,188.0555231326281
7.850620202627807,188.4049181380921
7.860620202627807,188.75429994515588
7.870620202627807,189.10366830336267
7.8806202026278065,189.45302296357409
7.890620202627806,189.80258701050494
7.900620202627806,190.15191696353762
7.910620202627806,190.5012325228804
7.920620202627806,190.85053344503504
7.930620202627805,191.19981948778562
7.940620202627805,191.54909041019556
7.950620202627805,191.89834597259815
7.960620202627805,192.24758593659175
7.970620202627805,192.59681006503016
7.980620202627804,192.94601812201645
7.990620202627804,193.2952098728982
8.000620202627804,193.64438508425775
8.010620202627804,193.9935435239073
8.020620202627804,194.34268496088004
8.030620202627803,194.69180916542524
8.040620202627803,195.04091590900217
8.050620202627803,195.39000496427045
8.060620202627803,195.73907610508672
8.070620202627802,196.088129106496
8.080620202627802,196.43716374472447
8.090620202627802,196.78617979717652
8.100620202627802,197.13517704242378
8.110620202627802,197.48415526020264
8.120620202627801,197.83311423140583
8.130620202627801,198.18205373807467
8.140620202627801,198.53097356339603
8.1506202026278,198.8798734916944
8.1606202026278,199.22875330842476
8.1706202026278,199.57761280016857
8.1806202026278,199.92645175462548
8.1906202026278,200.2752699606085
8.2006202026278,200.6240672080373
8.2106202026278,200.972843287933
8.2206202026278,201.32159799241057
8.230620202627799,201.67033111467452
8.240620202627799,202.01904244901306
8.250620202627799,202.36773179078938
8.260620202627798,202.71662397205012
8.270620202627798,203.0652720091723
8.280620202627798,203.4138974862689
8.290620202627798,203.7625002033346
8.300620202627798,204.11107996141533
8.310620202627797,204.45963656259994
8.320620202627797,204.8081698100194
8.330620202627797,205.15667950783526
8.340620202627797,205.5051654612396
8.350620202627796,205.85362747644527
8.360620202627796,206.20206536068193
8.370620202627796,206.55047892219343
8.380620202627796,206.89886797022666
8.390620202627796,207.24723231502995
8.400620202627795,207.595571767847
8.410620202627795,207.9438861409123
8.420620202627795,208.292175247443
8.430620202627795,208.64043890163757
8.440620202627795,208.98867691866727
8.450620202627794,209.33688911467235
8.460620202627794,209.68507530675714
8.470620202627794,210.0332353129842
8.480620202627794,210.38136895236906
8.490620202627793,210.729476044876
8.500620202627793,211.07755641141182
8.510620202627793,211.4256098738222
8.520620202627793,211.77363625488567
8.530620202627793,212.12163537830853
8.540620202627792,212.4696070687211
8.550620202627792,212.81755115167135
8.560620202627792,213.1654674536195
8.570620202627792,213.51335580193768
8.580620202627792,213.8612160248977
8.590620202627791,214.2090479516727
8.600620202627791,214.5568514123297
8.610620202627791,214.90462623782426
8.62062020262779,215.2523722599969
8.63062020262779,215.6003156478538
8.64062020262779,215.9480067191027
8.65062020262779,216.295668524449
8.66062020262779,216.6433008995568
8.67062020262779,216.99090368095386
8.68062020262779,217.3384767060263
8.69062020262779,217.68601981301626
8.700620202627789,218.0335328410132
8.710620202627789,218.38101562995465
8.720620202627789,218.72846802061716
8.730620202627788,219.07588985461544
8.740620202627788,219.42328097439437
8.750620202627788,219.77064122322892
8.760620202627788,220.11797044521546
8.770620202627788,220.46526848527046
8.780620202627787,220.81253518912538
8.790620202627787,221.15977040332143
8.800620202627787,221.50697397520784
8.810620202627787,221.85414575293277
8.820620202627786,222.20128558544667
8.830620202627786,222.54839332249006
8.840620202627786,222.89546881459358
8.850620202627786,223.24251191307562
8.860620202627786,223.58952247003302
8.870620202627785,223.9365003383423
8.880620202627785,224.28344537165103
8.890620202627785,224.63035742437825
8.900620202627785,224.97723635170613
8.910620202627785,225.32408200957917
8.920620202627784,225.6708942546997
8.930620202627784,226.01767294452145
8.940620202627784,226.3644179372492
8.950620202627784,226.71112909183321
8.960620202627783,227.0578062679636
8.970620202627783,227.40444932607048
8.980620202627783,227.75105812731746
8.990620202627783,228.09763253359674
9.000620202627783,228.44439970101976
9.010620202627782,228.79090793646694
9.020620202627782,229.13738140058535
9.030620202627782,229.48381995844315
9.040620202627782,229.83022347582013
9.050620202627782,230.17659181920595
9.060620202627781,230.52292485579596
9.070620202627781,230.86922245348887
9.080620202627781,231.21548448088032
9.09062020262778,231.56171080726142
9.10062020262778,231.9079013026152
9.11062020262778,232.25405583761304
9.12062020262778,232.60017428360914
9.13062020262778,232.9462565126395
9.14062020262778,233.29230239741733
9.15062020262778,233.6383118113303
9.16062020262778,233.98428462843512
9.170620202627779,234.33022072345736
9.180620202627779,234.67611997178383
9.190620202627779,235.02198224946363
9.200620202627778,235.36780743320242
9.210620202627778,235.71359540035724
9.220620202627778,236.05934602893814
9.230620202627778,236.40505919760056
9.240620202627778,236.75073478564278
9.250620202627777,237.09637267300434
9.260620202627777,237.44197274026206
9.270620202627777,237.78753486862556
9.280620202627777,238.13305893993527
9.290620202627776,238.47854483665859
9.300620202627776,238.8239924418885
9.310620202627776,239.1694016393371
9.320620202627776,239.51477231333416
9.330620202627776,239.86010434882644
9.340620202627775,240.20539763136958
9.350620202627775,240.5506520471289
9.360620202627775,240.89586748287581
9.370620202627775,241.24127178282575
9.380620202627775,241.58641183256807
9.390620202627774,241.93151259713585
9.400620202627774,242.27657396594643
9.410620202627774,242.621595829008
9.420620202627774,242.96657807691983
9.430620202627773,243.31152060086325
9.440620202627773,243.65642329260515
9.450620202627773,244.00128604449066
9.460620202627773,244.34610874944266
9.470620202627773,244.69089130095693
9.480620202627772,245.03563359310132
9.490620202627772,245.38033552051218
9.500620202627772,245.724996978389
9.510620202627772,246.0696178624964
9.520620202627772,246.41419806915758
9.530620202627771,246.7587374952512
9.540620202627771,247.1032360382137
9.550620202627771,247.44769359602816
9.56062020262777,247.79211006722983
9.57062020262777,248.13648535089837
9.58062020262777,248.48081934665643
9.59062020262777,248.82511195466677
9.60062020262777,249.1693630756309
9.61062020262777,249.51357261078428
9.62062020262777,249.85774046189482
9.63062020262777,250.20186653126072
9.640620202627769,250.54595072170628
9.650620202627769,250.88999293658063
9.660620202627769,251.2339930797553
9.670620202627768,251.57795105561894
9.680620202627768,251.921866769079
9.690620202627768,252.26574012555605
9.700620202627768,252.60957103098178
9.710620202627767,252.95335939179736
9.720620202627767,253.29710511494972
9.730620202627767,253.64080810788968
9.740620202627767,253.98469664684944
9.750620202627767,254.32831670241222
9.760620202627766,254.67189378163584
9.770620202627766,255.0154277941881
9.780620202627766,255.3589186502296
9.790620202627766,255.7023662604121
9.800620202627766,256.0457705358734
9.810620202627765,256.389131388238
9.820620202627765,256.7324487296131
9.830620202627765,257.07572247258634
9.840620202627765,257.4189525302232
9.850620202627764,257.7621388160662
9.860620202627764,258.1052812441314
9.870620202627764,258.44837972890394
9.880620202627764,258.7914341853402
9.890620202627764,259.13444452886233
9.900620202627763,259.4774106753566
9.910620202627763,259.8203325411718
9.920620202627763,260.16321004311544
9.930620202627763,260.5060430984547
9.940620202627763,260.848831624909
9.950620202627762,261.191575540653
9.960620202627762,261.53427476431165
9.970620202627762,261.87692921495716
9.980620202627762,262.21953881211056
9.990620202627762,262.56210347573506
